Date,Close,Date,Close,Date,Close
9/13/2016 16:00:00,14.76,1/4/2016 16:00:00,23.93,1/4/2016 16:00:00,18.8
9/16/2016 16:00:00,14.7,1/5/2016 16:00:00,23.79,1/5/2016 16:00:00,18.88
9/19/2016 16:00:00,14.84,1/6/2016 16:00:00,23.22,1/6/2016 16:00:00,18.51
9/20/2016 16:00:00,14.97,1/7/2016 16:00:00,22.75,1/7/2016 16:00:00,18.19
9/22/2016 16:00:00,15.32,1/8/2016 16:00:00,22.4,1/8/2016 16:00:00,17.57
9/23/2016 16:00:00,15.27,1/11/2016 16:00:00,22.23,1/11/2016 16:00:00,17.05
9/26/2016 16:00:00,15.03,1/12/2016 16:00:00,22.31,1/12/2016 16:00:00,17.17
9/27/2016 16:00:00,15.21,1/13/2016 16:00:00,21.93,1/13/2016 16:00:00,16.82
9/28/2016 16:00:00,15.31,1/14/2016 16:00:00,22.01,1/14/2016 16:00:00,16.74
9/29/2016 16:00:00,15.26,1/15/2016 16:00:00,21.36,1/15/2016 16:00:00,16.3
9/30/2016 16:00:00,15.31,1/19/2016 16:00:00,21.46,1/19/2016 16:00:00,16.45
10/3/2016 16:00:00,15.26,1/20/2016 16:00:00,21.14,1/20/2016 16:00:00,16
10/4/2016 16:00:00,15.25,1/21/2016 16:00:00,21.11,1/21/2016 16:00:00,16.39
10/5/2016 16:00:00,15.39,1/22/2016 16:00:00,21.7,1/22/2016 16:00:00,16.56
10/6/2016 16:00:00,15.34,1/25/2016 16:00:00,21.48,1/25/2016 16:00:00,16.27
10/7/2016 16:00:00,15.35,1/26/2016 16:00:00,21.84,1/26/2016 16:00:00,16.12
10/10/2016 16:00:00,15.42,1/27/2016 16:00:00,21.72,1/27/2016 16:00:00,16.25
10/11/2016 16:00:00,15.3,1/28/2016 16:00:00,21.72,1/28/2016 16:00:00,15.83
10/12/2016 16:00:00,15.24,1/29/2016 16:00:00,21.98,1/29/2016 16:00:00,16.08
10/13/2016 16:00:00,15.12,2/1/2016 16:00:00,21.98,2/1/2016 16:00:00,16.03
10/14/2016 16:00:00,15.12,2/2/2016 16:00:00,21.55,2/2/2016 16:00:00,15.81
10/17/2016 16:00:00,15.17,2/3/2016 16:00:00,21.59,2/3/2016 16:00:00,15.79
10/18/2016 16:00:00,15.29,2/4/2016 16:00:00,21.81,2/4/2016 16:00:00,16.07
10/19/2016 16:00:00,15.26,2/5/2016 16:00:00,21.55,2/5/2016 16:00:00,15.22
10/20/2016 16:00:00,15.3,2/8/2016 16:00:00,21.13,2/8/2016 16:00:00,14.62
10/21/2016 16:00:00,15.3,2/9/2016 16:00:00,21.09,2/9/2016 16:00:00,14.48
10/24/2016 16:00:00,15.3,2/10/2016 16:00:00,20.91,2/10/2016 16:00:00,14.78
10/25/2016 16:00:00,15.17,2/11/2016 16:00:00,20.75,2/11/2016 16:00:00,14.52
10/26/2016 16:00:00,15.17,2/12/2016 16:00:00,20.86,2/12/2016 16:00:00,14.79
10/27/2016 16:00:00,15,2/16/2016 16:00:00,21.44,2/16/2016 16:00:00,15.08
10/28/2016 16:00:00,15.06,2/17/2016 16:00:00,22.16,2/17/2016 16:00:00,15.78
10/31/2016 16:00:00,15.02,2/18/2016 16:00:00,22.23,2/18/2016 16:00:00,15.81
11/1/2016 16:00:00,14.95,2/19/2016 16:00:00,22.25,2/19/2016 16:00:00,15.92
11/2/2016 16:00:00,14.81,2/22/2016 16:00:00,22.45,2/22/2016 16:00:00,16.26
11/3/2016 16:00:00,14.87,2/23/2016 16:00:00,22.09,2/23/2016 16:00:00,16.25
11/4/2016 16:00:00,14.82,2/24/2016 16:00:00,22.22,2/24/2016 16:00:00,16.15
11/7/2016 16:00:00,14.98,2/25/2016 16:00:00,22.4,2/25/2016 16:00:00,16.23
11/8/2016 16:00:00,15.05,2/26/2016 16:00:00,22.59,2/26/2016 16:00:00,16.56
11/9/2016 16:00:00,15.06,2/29/2016 16:00:00,22.6,2/29/2016 16:00:00,16.81
11/10/2016 16:00:00,15.19,3/1/2016 16:00:00,22.86,3/1/2016 16:00:00,17.1
11/11/2016 16:00:00,15.17,3/2/2016 16:00:00,22.99,3/2/2016 16:00:00,17.33
11/14/2016 16:00:00,15.23,3/3/2016 16:00:00,23.26,3/3/2016 16:00:00,17.77
11/15/2016 16:00:00,15.27,3/4/2016 16:00:00,23.64,3/4/2016 16:00:00,18.36
11/16/2016 16:00:00,15.09,3/7/2016 16:00:00,23.87,3/7/2016 16:00:00,18.11
11/17/2016 16:00:00,15.35,3/8/2016 16:00:00,23.5,3/8/2016 16:00:00,17.91
11/18/2016 16:00:00,15.13,3/9/2016 16:00:00,23.52,3/9/2016 16:00:00,17.85
11/21/2016 16:00:00,15.18,3/10/2016 16:00:00,23.41,3/10/2016 16:00:00,17.61
11/22/2016 16:00:00,15.16,3/11/2016 16:00:00,23.88,3/11/2016 16:00:00,17.72
11/23/2016 16:00:00,15.19,3/14/2016 16:00:00,24.12,3/14/2016 16:00:00,18.11
11/25/2016 16:00:00,15.2,3/15/2016 16:00:00,23.71,3/15/2016 16:00:00,17.71
11/28/2016 16:00:00,15.19,3/16/2016 16:00:00,23.92,3/16/2016 16:00:00,18.02
11/29/2016 16:00:00,15.2,3/17/2016 16:00:00,24.21,3/17/2016 16:00:00,18.25
11/30/2016 16:00:00,15.08,3/18/2016 16:00:00,24.42,3/18/2016 16:00:00,18.51
12/1/2016 16:00:00,14.9,3/21/2016 16:00:00,24.47,3/21/2016 16:00:00,18.61
12/2/2016 16:00:00,14.83,3/22/2016 16:00:00,24.49,3/22/2016 16:00:00,18.68
12/5/2016 16:00:00,15,3/23/2016 16:00:00,24.16,3/23/2016 16:00:00,18.38
12/6/2016 16:00:00,14.96,3/24/2016 16:00:00,24.12,3/24/2016 16:00:00,18.21
12/7/2016 16:00:00,15.13,3/28/2016 16:00:00,24,3/28/2016 16:00:00,18.32
12/8/2016 16:00:00,15.22,3/29/2016 16:00:00,24.55,3/29/2016 16:00:00,18.83
12/9/2016 16:00:00,15.2,3/30/2016 16:00:00,24.66,3/30/2016 16:00:00,18.9
12/12/2016 16:00:00,15.04,3/31/2016 16:00:00,24.62,3/31/2016 16:00:00,18.95
12/13/2016 16:00:00,15.15,4/1/2016 16:00:00,24.48,4/1/2016 16:00:00,18.81
12/14/2016 16:00:00,14.9,4/4/2016 16:00:00,24.4,4/4/2016 16:00:00,19.09
12/15/2016 16:00:00,14.93,4/5/2016 16:00:00,23.97,4/6/2016 16:00:00,19.12
12/16/2016 16:00:00,14.85,4/6/2016 16:00:00,24.25,4/7/2016 16:00:00,19.19
12/19/2016 16:00:00,14.95,4/7/2016 16:00:00,23.87,4/11/2016 16:00:00,19.06
12/20/2016 16:00:00,14.97,4/8/2016 16:00:00,24.38,4/12/2016 16:00:00,18.99
12/21/2016 16:00:00,14.95,4/11/2016 16:00:00,24.44,4/14/2016 16:00:00,19.7
12/22/2016 16:00:00,14.91,4/12/2016 16:00:00,24.8,4/15/2016 16:00:00,19.64
12/23/2016 16:00:00,14.95,4/13/2016 16:00:00,25.41,4/18/2016 16:00:00,19.43
12/27/2016 16:00:00,14.95,4/14/2016 16:00:00,25.4,4/19/2016 16:00:00,19.41
12/28/2016 16:00:00,14.99,4/15/2016 16:00:00,25.32,4/20/2016 16:00:00,19.25
12/29/2016 16:00:00,14.93,4/18/2016 16:00:00,25.4,4/21/2016 16:00:00,19.7
12/30/2016 16:00:00,15,4/19/2016 16:00:00,25.54,4/22/2016 16:00:00,19.57
1/3/2017 16:00:00,15.1,4/20/2016 16:00:00,25.67,4/25/2016 16:00:00,19.4
1/4/2017 16:00:00,15.32,4/21/2016 16:00:00,25.4,4/26/2016 16:00:00,19.58
1/5/2017 16:00:00,15.35,4/22/2016 16:00:00,25.5,4/27/2016 16:00:00,19.54
1/6/2017 16:00:00,15.37,4/25/2016 16:00:00,25.3,4/28/2016 16:00:00,19.36
1/9/2017 16:00:00,15.33,4/26/2016 16:00:00,25.34,4/29/2016 16:00:00,18.91
1/10/2017 16:00:00,15.39,4/27/2016 16:00:00,25.45,5/2/2016 16:00:00,18.95
1/11/2017 16:00:00,15.5,4/28/2016 16:00:00,24.99,5/3/2016 16:00:00,18.59
1/12/2017 16:00:00,15.54,4/29/2016 16:00:00,24.75,5/4/2016 16:00:00,18.12
1/13/2017 16:00:00,15.63,5/2/2016 16:00:00,24.99,5/5/2016 16:00:00,18.08
1/17/2017 16:00:00,15.52,5/3/2016 16:00:00,24.67,5/6/2016 16:00:00,17.97
1/18/2017 16:00:00,15.51,5/4/2016 16:00:00,24.45,5/9/2016 16:00:00,18.02
1/19/2017 16:00:00,15.58,5/5/2016 16:00:00,24.43,5/10/2016 16:00:00,18.28
1/20/2017 16:00:00,15.66,5/6/2016 16:00:00,24.56,5/11/2016 16:00:00,18.2
1/23/2017 16:00:00,15.78,5/9/2016 16:00:00,24.46,5/12/2016 16:00:00,18.06
1/24/2017 16:00:00,16,5/10/2016 16:00:00,24.69,5/13/2016 16:00:00,18.07
1/25/2017 16:00:00,16.37,5/11/2016 16:00:00,24.61,5/16/2016 16:00:00,18.23
1/26/2017 16:00:00,16.39,5/12/2016 16:00:00,24.54,5/17/2016 16:00:00,18.31
1/27/2017 16:00:00,16.33,5/13/2016 16:00:00,24.14,5/18/2016 16:00:00,18.23
1/30/2017 16:00:00,16.27,5/16/2016 16:00:00,24.53,5/19/2016 16:00:00,18.09
1/31/2017 16:00:00,16.32,5/17/2016 16:00:00,24.27,5/20/2016 16:00:00,18.36
2/1/2017 16:00:00,16.47,5/18/2016 16:00:00,24.44,5/23/2016 16:00:00,18.39
2/2/2017 16:00:00,16.39,5/19/2016 16:00:00,24.21,5/24/2016 16:00:00,18.96
2/3/2017 16:00:00,16.44,5/20/2016 16:00:00,24.36,5/25/2016 16:00:00,19.03
2/6/2017 16:00:00,16.35,5/23/2016 16:00:00,24.6,5/26/2016 16:00:00,19.15
2/7/2017 16:00:00,16.36,5/24/2016 16:00:00,24.87,5/27/2016 16:00:00,19.22
2/8/2017 16:00:00,16.36,5/25/2016 16:00:00,25.02,5/31/2016 16:00:00,19.39
2/9/2017 16:00:00,16.32,5/26/2016 16:00:00,25.14,6/1/2016 16:00:00,19.39
2/10/2017 16:00:00,16.43,5/27/2016 16:00:00,25.15,6/2/2016 16:00:00,19.48
2/13/2017 16:00:00,16.6,5/31/2016 16:00:00,25.34,6/3/2016 16:00:00,19.39
2/14/2017 16:00:00,16.62,6/1/2016 16:00:00,25.43,6/6/2016 16:00:00,19.65
2/15/2017 16:00:00,16.61,6/2/2016 16:00:00,25.43,6/7/2016 16:00:00,19.73
2/16/2017 16:00:00,16.6,6/3/2016 16:00:00,25.53,6/8/2016 16:00:00,19.76
2/17/2017 16:00:00,16.7,6/6/2016 16:00:00,25.82,6/9/2016 16:00:00,19.67
2/21/2017 16:00:00,16.75,6/7/2016 16:00:00,25.93,6/10/2016 16:00:00,19.3
2/22/2017 16:00:00,16.7,6/8/2016 16:00:00,26.07,6/13/2016 16:00:00,19.39
2/23/2017 16:00:00,16.77,6/9/2016 16:00:00,25.84,6/14/2016 16:00:00,19.29
2/24/2017 16:00:00,16.6,6/10/2016 16:00:00,25.38,6/15/2016 16:00:00,19.6
2/27/2017 16:00:00,16.62,6/13/2016 16:00:00,25.1,6/16/2016 16:00:00,19.45
2/28/2017 16:00:00,16.59,6/14/2016 16:00:00,24.76,6/17/2016 16:00:00,19.5
3/1/2017 16:00:00,16.86,6/15/2016 16:00:00,24.88,6/20/2016 16:00:00,19.86
3/2/2017 16:00:00,16.73,6/16/2016 16:00:00,24.73,6/21/2016 16:00:00,19.76
3/3/2017 16:00:00,16.71,6/17/2016 16:00:00,24.93,6/22/2016 16:00:00,19.76
3/6/2017 16:00:00,16.64,6/20/2016 16:00:00,25.4,6/23/2016 16:00:00,19.87
3/7/2017 16:00:00,16.58,6/21/2016 16:00:00,25.56,6/24/2016 16:00:00,19
3/8/2017 16:00:00,16.59,6/22/2016 16:00:00,25.48,6/27/2016 16:00:00,18.28
3/9/2017 16:00:00,16.57,6/23/2016 16:00:00,25.96,6/28/2016 16:00:00,18.63
3/10/2017 16:00:00,16.73,6/24/2016 16:00:00,24.68,6/29/2016 16:00:00,19
3/13/2017 16:00:00,16.99,6/27/2016 16:00:00,23.9,6/30/2016 16:00:00,19.21
3/14/2017 16:00:00,16.91,6/28/2016 16:00:00,24.4,7/1/2016 16:00:00,19.37
3/15/2017 16:00:00,17.06,6/29/2016 16:00:00,24.78,7/5/2016 16:00:00,19.43
3/16/2017 16:00:00,17.12,6/30/2016 16:00:00,25.04,7/6/2016 16:00:00,18.98
3/17/2017 16:00:00,17.27,7/1/2016 16:00:00,25.11,7/7/2016 16:00:00,19.28
3/20/2017 16:00:00,17.29,7/5/2016 16:00:00,24.68,7/8/2016 16:00:00,19.77
3/21/2017 16:00:00,17.13,7/6/2016 16:00:00,24.67,7/11/2016 16:00:00,19.96
3/22/2017 16:00:00,17.13,7/7/2016 16:00:00,24.65,7/12/2016 16:00:00,20.24
3/23/2017 16:00:00,17.23,7/8/2016 16:00:00,25,7/13/2016 16:00:00,20.28
3/24/2017 16:00:00,17.3,7/11/2016 16:00:00,25.39,7/14/2016 16:00:00,20.3
3/27/2017 16:00:00,17.32,7/12/2016 16:00:00,25.76,7/15/2016 16:00:00,20.18
3/28/2017 16:00:00,17.43,7/13/2016 16:00:00,25.79,7/18/2016 16:00:00,20.38
3/29/2017 16:00:00,17.43,7/14/2016 16:00:00,25.79,7/19/2016 16:00:00,20.24
3/30/2017 16:00:00,17.38,7/15/2016 16:00:00,25.73,7/20/2016 16:00:00,20.5
3/31/2017 16:00:00,17.36,7/18/2016 16:00:00,25.85,7/21/2016 16:00:00,20.4
4/3/2017 16:00:00,17.32,7/19/2016 16:00:00,25.69,7/22/2016 16:00:00,20.42
4/4/2017 16:00:00,17.23,7/20/2016 16:00:00,26.06,7/25/2016 16:00:00,20.47
4/5/2017 16:00:00,17.23,7/21/2016 16:00:00,25.9,7/26/2016 16:00:00,20.58
4/6/2017 16:00:00,17.11,7/22/2016 16:00:00,25.95,7/27/2016 16:00:00,20.85
4/7/2017 16:00:00,17.2,7/25/2016 16:00:00,25.88,7/28/2016 16:00:00,20.61
4/10/2017 16:00:00,17.12,7/26/2016 16:00:00,25.91,7/29/2016 16:00:00,20.73
4/11/2017 16:00:00,17.08,7/27/2016 16:00:00,26.19,8/1/2016 16:00:00,20.78
4/12/2017 16:00:00,17,7/28/2016 16:00:00,26.24,8/2/2016 16:00:00,20.58
4/13/2017 16:00:00,16.92,7/29/2016 16:00:00,26.41,8/3/2016 16:00:00,20.64
4/17/2017 16:00:00,17.03,8/1/2016 16:00:00,26.31,8/4/2016 16:00:00,20.66
4/18/2017 16:00:00,16.95,8/2/2016 16:00:00,26.22,8/5/2016 16:00:00,20.97
4/19/2017 16:00:00,17.2,8/3/2016 16:00:00,26.26,8/8/2016 16:00:00,21.1
4/20/2017 16:00:00,17.27,8/4/2016 16:00:00,26.46,8/9/2016 16:00:00,21.15
4/21/2017 16:00:00,17.23,8/5/2016 16:00:00,26.63,8/10/2016 16:00:00,21.07
4/24/2017 16:00:00,17.56,8/8/2016 16:00:00,26.65,8/11/2016 16:00:00,21.31
4/25/2017 16:00:00,17.54,8/9/2016 16:00:00,26.93,8/12/2016 16:00:00,21.37
4/26/2017 16:00:00,17.7,8/10/2016 16:00:00,26.77,8/15/2016 16:00:00,21.59
4/27/2017 16:00:00,17.77,8/11/2016 16:00:00,27,8/16/2016 16:00:00,21.43
4/28/2017 16:00:00,17.96,8/12/2016 16:00:00,27.01,8/17/2016 16:00:00,21.33
5/1/2017 16:00:00,17.99,8/15/2016 16:00:00,27.26,8/18/2016 16:00:00,21.41
5/2/2017 16:00:00,17.96,8/16/2016 16:00:00,27.11,8/19/2016 16:00:00,21.48
5/3/2017 16:00:00,17.95,8/17/2016 16:00:00,26.99,8/22/2016 16:00:00,21.51
5/4/2017 16:00:00,17.99,8/18/2016 16:00:00,27.12,8/23/2016 16:00:00,21.67
5/5/2017 16:00:00,18.14,8/19/2016 16:00:00,27.26,8/24/2016 16:00:00,21.61
5/8/2017 16:00:00,18.17,8/22/2016 16:00:00,27.19,8/25/2016 16:00:00,21.71
5/9/2017 16:00:00,18.11,8/23/2016 16:00:00,27.25,8/26/2016 16:00:00,21.61
5/10/2017 16:00:00,18.1,8/24/2016 16:00:00,27.11,8/29/2016 16:00:00,21.72
5/11/2017 16:00:00,18.02,8/25/2016 16:00:00,27.13,8/30/2016 16:00:00,21.62
5/12/2017 16:00:00,18.09,8/26/2016 16:00:00,27.1,8/31/2016 16:00:00,21.14
5/15/2017 16:00:00,18.18,8/29/2016 16:00:00,27.24,9/1/2016 16:00:00,21
5/16/2017 16:00:00,18.25,8/30/2016 16:00:00,27.25,9/2/2016 16:00:00,21.18
5/17/2017 16:00:00,18.01,8/31/2016 16:00:00,26.9,9/6/2016 16:00:00,21.49
5/18/2017 16:00:00,17.97,9/1/2016 16:00:00,27.05,9/7/2016 16:00:00,21.38
5/19/2017 16:00:00,18.23,9/2/2016 16:00:00,27.16,9/8/2016 16:00:00,21.44
5/22/2017 16:00:00,18.42,9/6/2016 16:00:00,27.63,9/9/2016 16:00:00,20.82
5/23/2017 16:00:00,18.43,9/7/2016 16:00:00,27.74,9/12/2016 16:00:00,20.66
5/24/2017 16:00:00,18.38,9/8/2016 16:00:00,27.84,9/13/2016 16:00:00,20.7
5/25/2017 16:00:00,18.52,9/9/2016 16:00:00,27.23,9/14/2016 16:00:00,20.75
5/26/2017 16:00:00,18.5,9/12/2016 16:00:00,27.35,9/15/2016 16:00:00,21.11
5/30/2017 16:00:00,18.59,9/13/2016 16:00:00,27,9/16/2016 16:00:00,21.14
5/31/2017 16:00:00,18.61,9/14/2016 16:00:00,26.96,9/19/2016 16:00:00,21.37
6/1/2017 16:00:00,18.89,9/15/2016 16:00:00,27.2,9/20/2016 16:00:00,21.22
6/2/2017 16:00:00,19.11,9/16/2016 16:00:00,27.01,9/21/2016 16:00:00,21.32
6/5/2017 16:00:00,19.16,9/19/2016 16:00:00,27.31,9/22/2016 16:00:00,21.69
6/6/2017 16:00:00,19.06,9/20/2016 16:00:00,27.39,9/23/2016 16:00:00,21.62
6/7/2017 16:00:00,19.1,9/21/2016 16:00:00,27.85,9/26/2016 16:00:00,21.63
6/8/2017 16:00:00,19.09,9/22/2016 16:00:00,28.19,9/27/2016 16:00:00,21.71
6/9/2017 16:00:00,18.94,9/23/2016 16:00:00,28.07,9/28/2016 16:00:00,22.04
6/12/2017 16:00:00,18.74,9/26/2016 16:00:00,27.81,9/29/2016 16:00:00,22.04
6/13/2017 16:00:00,18.83,9/27/2016 16:00:00,28,9/30/2016 16:00:00,22.37
6/14/2017 16:00:00,18.8,9/28/2016 16:00:00,28.35,10/3/2016 16:00:00,22.32
6/15/2017 16:00:00,18.54,9/29/2016 16:00:00,28.25,10/4/2016 16:00:00,22.3
6/16/2017 16:00:00,18.63,9/30/2016 16:00:00,28.39,10/5/2016 16:00:00,22.49
6/19/2017 16:00:00,18.85,10/3/2016 16:00:00,28.29,10/6/2016 16:00:00,22.28
6/20/2017 16:00:00,18.85,10/4/2016 16:00:00,28.15,10/7/2016 16:00:00,21.97
6/21/2017 16:00:00,18.92,10/5/2016 16:00:00,28.33,10/10/2016 16:00:00,22.18
6/22/2017 16:00:00,18.92,10/6/2016 16:00:00,28.21,10/11/2016 16:00:00,21.8
6/23/2017 16:00:00,18.94,10/7/2016 16:00:00,28.16,10/12/2016 16:00:00,21.57
6/26/2017 16:00:00,18.95,10/10/2016 16:00:00,28.22,10/13/2016 16:00:00,21.38
6/27/2017 16:00:00,18.84,10/11/2016 16:00:00,27.76,10/14/2016 16:00:00,21.29
6/28/2017 16:00:00,18.86,10/12/2016 16:00:00,27.72,10/17/2016 16:00:00,21.19
6/29/2017 16:00:00,18.64,10/13/2016 16:00:00,27.48,10/18/2016 16:00:00,21.23
6/30/2017 16:00:00,18.66,10/14/2016 16:00:00,27.46,10/19/2016 16:00:00,21.36
7/3/2017 16:00:00,18.57,10/17/2016 16:00:00,27.47,10/20/2016 16:00:00,21.24
7/5/2017 16:00:00,18.55,10/18/2016 16:00:00,27.63,10/21/2016 16:00:00,21.25
7/6/2017 16:00:00,18.46,10/19/2016 16:00:00,27.61,10/24/2016 16:00:00,21.43
7/7/2017 16:00:00,18.63,10/20/2016 16:00:00,27.69,10/25/2016 16:00:00,21.25
7/10/2017 16:00:00,18.73,10/21/2016 16:00:00,27.75,10/26/2016 16:00:00,21.28
7/11/2017 16:00:00,18.87,10/24/2016 16:00:00,27.78,10/27/2016 16:00:00,21
7/12/2017 16:00:00,19.09,10/25/2016 16:00:00,27.6,10/28/2016 16:00:00,20.87
7/13/2017 16:00:00,19.08,10/26/2016 16:00:00,27.73,10/31/2016 16:00:00,20.79
7/14/2017 16:00:00,19.26,10/27/2016 16:00:00,27.6,11/1/2016 16:00:00,20.5
7/17/2017 16:00:00,19.2,10/28/2016 16:00:00,27.54,11/2/2016 16:00:00,20.18
7/18/2017 16:00:00,19.28,10/31/2016 16:00:00,27.6,11/3/2016 16:00:00,20.23
7/19/2017 16:00:00,19.32,11/1/2016 16:00:00,27.32,11/4/2016 16:00:00,20.29
7/20/2017 16:00:00,19.43,11/2/2016 16:00:00,27.05,11/8/2016 16:00:00,20.61
7/21/2017 16:00:00,19.58,11/3/2016 16:00:00,26.94,11/9/2016 16:00:00,20.7
7/24/2017 16:00:00,19.57,11/4/2016 16:00:00,26.93,11/10/2016 16:00:00,21.1
7/25/2017 16:00:00,19.6,11/7/2016 16:00:00,27.45,11/11/2016 16:00:00,21.3
7/26/2017 16:00:00,19.71,11/8/2016 16:00:00,27.42,11/14/2016 16:00:00,21.36
7/27/2017 16:00:00,19.79,11/9/2016 16:00:00,27.58,11/15/2016 16:00:00,21.36
7/28/2017 16:00:00,19.91,11/10/2016 16:00:00,27.81,11/16/2016 16:00:00,21.55
7/31/2017 16:00:00,19.88,11/11/2016 16:00:00,28.09,11/17/2016 16:00:00,21.76
8/1/2017 16:00:00,19.94,11/14/2016 16:00:00,28.1,11/18/2016 16:00:00,21.71
8/2/2017 16:00:00,20.05,11/15/2016 16:00:00,28.25,11/21/2016 16:00:00,21.73
8/3/2017 16:00:00,20.02,11/16/2016 16:00:00,28.07,11/22/2016 16:00:00,21.95
8/4/2017 16:00:00,20.02,11/17/2016 16:00:00,28.3,11/23/2016 16:00:00,22.09
8/7/2017 16:00:00,20.1,11/18/2016 16:00:00,28.3,11/28/2016 16:00:00,21.95
8/8/2017 16:00:00,20.07,11/21/2016 16:00:00,28.36,11/29/2016 16:00:00,21.78
8/9/2017 16:00:00,20.09,11/22/2016 16:00:00,28.42,11/30/2016 16:00:00,21.55
8/10/2017 16:00:00,19.75,11/23/2016 16:00:00,28.51,12/1/2016 16:00:00,21.06
8/11/2017 16:00:00,19.7,11/25/2016 16:00:00,28.41,12/2/2016 16:00:00,20.98
8/14/2017 16:00:00,20,11/28/2016 16:00:00,28.44,12/5/2016 16:00:00,21.32
8/15/2017 16:00:00,20.01,11/29/2016 16:00:00,28.42,12/6/2016 16:00:00,21.76
8/16/2017 16:00:00,20.1,11/30/2016 16:00:00,28.37,12/7/2016 16:00:00,21.68
8/17/2017 16:00:00,20.07,12/1/2016 16:00:00,28.19,12/8/2016 16:00:00,22.32
8/18/2017 16:00:00,20.05,12/2/2016 16:00:00,28.15,12/9/2016 16:00:00,22.28
8/21/2017 16:00:00,20.02,12/5/2016 16:00:00,28.38,12/12/2016 16:00:00,22.12
8/22/2017 16:00:00,20.27,12/6/2016 16:00:00,28.62,12/13/2016 16:00:00,22.41
8/23/2017 16:00:00,20.31,12/7/2016 16:00:00,28.88,12/14/2016 16:00:00,22.4
8/24/2017 16:00:00,20.25,12/8/2016 16:00:00,29.16,12/15/2016 16:00:00,22.36
8/25/2017 16:00:00,20.18,12/9/2016 16:00:00,29.14,12/16/2016 16:00:00,22.35
8/28/2017 16:00:00,20.28,12/12/2016 16:00:00,28.91,12/19/2016 16:00:00,22.42
8/29/2017 16:00:00,20.31,12/13/2016 16:00:00,29.13,12/20/2016 16:00:00,22.45
8/30/2017 16:00:00,20.37,12/14/2016 16:00:00,28.79,12/21/2016 16:00:00,22.38
8/31/2017 16:00:00,20.5,12/15/2016 16:00:00,28.93,12/22/2016 16:00:00,22.19
9/1/2017 16:00:00,20.62,12/16/2016 16:00:00,28.63,12/23/2016 16:00:00,22.39
9/5/2017 16:00:00,20.53,12/19/2016 16:00:00,28.74,12/27/2016 16:00:00,22.72
9/6/2017 16:00:00,20.59,12/20/2016 16:00:00,28.74,12/28/2016 16:00:00,22.29
9/7/2017 16:00:00,20.75,12/21/2016 16:00:00,28.7,12/29/2016 16:00:00,22.07
9/8/2017 16:00:00,20.87,12/22/2016 16:00:00,28.65,12/30/2016 16:00:00,21.96
9/11/2017 16:00:00,21.14,12/23/2016 16:00:00,28.63,1/3/2017 16:00:00,22.24
9/12/2017 16:00:00,21.28,12/27/2016 16:00:00,28.79,1/4/2017 16:00:00,22.65
9/13/2017 16:00:00,21.2,12/28/2016 16:00:00,28.63,1/5/2017 16:00:00,22.49
9/14/2017 16:00:00,21.28,12/29/2016 16:00:00,28.65,1/6/2017 16:00:00,22.65
9/15/2017 16:00:00,21.43,12/30/2016 16:00:00,28.65,1/9/2017 16:00:00,22.9
9/18/2017 16:00:00,21.62,1/3/2017 16:00:00,28.99,1/10/2017 16:00:00,22.92
9/19/2017 16:00:00,21.74,1/4/2017 16:00:00,29.28,1/11/2017 16:00:00,22.91
9/20/2017 16:00:00,21.86,1/5/2017 16:00:00,29.26,1/12/2017 16:00:00,22.9
9/21/2017 16:00:00,21.5,1/6/2017 16:00:00,29.35,1/13/2017 16:00:00,23.21
9/22/2017 16:00:00,21.45,1/9/2017 16:00:00,29.43,1/17/2017 16:00:00,22.92
9/25/2017 16:00:00,21.43,1/10/2017 16:00:00,29.37,1/18/2017 16:00:00,22.99
9/26/2017 16:00:00,21.22,1/11/2017 16:00:00,29.55,1/19/2017 16:00:00,23.14
9/27/2017 16:00:00,21.43,1/12/2017 16:00:00,29.53,1/20/2017 16:00:00,23.22
9/28/2017 16:00:00,21.58,1/13/2017 16:00:00,29.71,1/23/2017 16:00:00,23.08
9/29/2017 16:00:00,21.75,1/17/2017 16:00:00,29.42,1/24/2017 16:00:00,23.39
10/2/2017 16:00:00,21.92,1/18/2017 16:00:00,29.52,1/25/2017 16:00:00,23.69
10/3/2017 16:00:00,22.08,1/19/2017 16:00:00,29.59,1/26/2017 16:00:00,23.57
10/4/2017 16:00:00,22.14,1/20/2017 16:00:00,29.88,1/27/2017 16:00:00,23.56
10/5/2017 16:00:00,22.08,1/23/2017 16:00:00,29.74,1/30/2017 16:00:00,23.34
10/6/2017 16:00:00,21.95,1/24/2017 16:00:00,30.09,1/31/2017 16:00:00,23.37
10/9/2017 16:00:00,22.07,1/25/2017 16:00:00,30.73,2/1/2017 16:00:00,23.41
10/10/2017 16:00:00,22.18,1/26/2017 16:00:00,30.53,2/2/2017 16:00:00,23.51
10/11/2017 16:00:00,22.3,1/27/2017 16:00:00,30.5,2/3/2017 16:00:00,23.71
10/12/2017 16:00:00,22.45,1/30/2017 16:00:00,30.33,2/6/2017 16:00:00,23.69
10/13/2017 16:00:00,22.79,1/31/2017 16:00:00,30.48,2/7/2017 16:00:00,23.72
10/16/2017 16:00:00,22.88,2/1/2017 16:00:00,30.79,2/8/2017 16:00:00,23.85
10/17/2017 16:00:00,23.08,2/2/2017 16:00:00,30.74,2/9/2017 16:00:00,24.34
10/18/2017 16:00:00,23.08,2/3/2017 16:00:00,30.97,2/10/2017 16:00:00,24.41
10/19/2017 16:00:00,22.95,2/6/2017 16:00:00,30.76,2/13/2017 16:00:00,24.59
10/20/2017 16:00:00,23.1,2/7/2017 16:00:00,30.72,2/14/2017 16:00:00,24.58
10/23/2017 16:00:00,23.39,2/8/2017 16:00:00,30.8,2/15/2017 16:00:00,24.6
10/24/2017 16:00:00,23.65,2/9/2017 16:00:00,30.95,2/16/2017 16:00:00,24.33
10/25/2017 16:00:00,23.46,2/10/2017 16:00:00,31.09,2/17/2017 16:00:00,24.42
10/26/2017 16:00:00,22.94,2/13/2017 16:00:00,31.27,2/21/2017 16:00:00,24.59
10/27/2017 16:00:00,23.06,2/14/2017 16:00:00,31.41,2/22/2017 16:00:00,24.59
10/30/2017 16:00:00,23.29,2/15/2017 16:00:00,31.5,2/23/2017 16:00:00,24.09
10/31/2017 16:00:00,23.6,2/16/2017 16:00:00,31.46,2/24/2017 16:00:00,24
11/1/2017 16:00:00,23.65,2/17/2017 16:00:00,31.6,2/27/2017 16:00:00,24.1
11/2/2017 16:00:00,23.56,2/21/2017 16:00:00,31.89,2/28/2017 16:00:00,23.81
11/3/2017 16:00:00,23.64,2/22/2017 16:00:00,31.84,3/1/2017 16:00:00,24.21
11/6/2017 16:00:00,23.81,2/23/2017 16:00:00,31.75,3/2/2017 16:00:00,23.99
11/7/2017 16:00:00,24.1,2/24/2017 16:00:00,31.54,3/3/2017 16:00:00,23.75
11/8/2017 16:00:00,24.3,2/27/2017 16:00:00,31.6,3/6/2017 16:00:00,23.63
11/9/2017 16:00:00,23.97,2/28/2017 16:00:00,31.37,3/7/2017 16:00:00,23.59
11/10/2017 16:00:00,24.06,3/1/2017 16:00:00,31.95,3/8/2017 16:00:00,23.67
11/13/2017 16:00:00,23.89,3/2/2017 16:00:00,31.67,3/9/2017 16:00:00,23.38
11/14/2017 16:00:00,23.83,3/3/2017 16:00:00,31.7,3/10/2017 16:00:00,23.45
11/15/2017 16:00:00,23.54,3/6/2017 16:00:00,31.54,3/13/2017 16:00:00,23.76
11/16/2017 16:00:00,24.05,3/7/2017 16:00:00,31.48,3/14/2017 16:00:00,23.75
11/17/2017 16:00:00,24.07,3/8/2017 16:00:00,31.54,3/15/2017 16:00:00,24.1
11/20/2017 16:00:00,24.25,3/9/2017 16:00:00,31.42,3/16/2017 16:00:00,24.22
11/21/2017 16:00:00,24.6,3/10/2017 16:00:00,31.7,3/17/2017 16:00:00,24.44
11/22/2017 16:00:00,24.73,3/13/2017 16:00:00,31.86,3/20/2017 16:00:00,24.42
11/24/2017 13:00:00,24.89,3/14/2017 16:00:00,31.61,3/21/2017 16:00:00,23.76
11/27/2017 16:00:00,24.81,3/15/2017 16:00:00,32.01,3/22/2017 16:00:00,23.76
11/28/2017 16:00:00,24.69,3/16/2017 16:00:00,32.03,3/23/2017 16:00:00,23.94
11/29/2017 16:00:00,24.19,3/17/2017 16:00:00,32.23,3/24/2017 16:00:00,24.01
11/30/2017 16:00:00,23.91,3/20/2017 16:00:00,32.23,3/27/2017 16:00:00,24.13
12/1/2017 16:00:00,23.84,3/21/2017 16:00:00,31.77,3/28/2017 16:00:00,24.29
12/4/2017 16:00:00,23.36,3/22/2017 16:00:00,31.73,3/29/2017 16:00:00,24.47
12/5/2017 16:00:00,23.27,3/23/2017 16:00:00,31.86,3/30/2017 16:00:00,24.59
12/6/2017 16:00:00,23.23,3/24/2017 16:00:00,31.9,3/31/2017 16:00:00,24.67
12/7/2017 16:00:00,23.51,3/27/2017 16:00:00,31.93,4/3/2017 16:00:00,24.74
12/8/2017 16:00:00,23.59,3/28/2017 16:00:00,32.13,4/4/2017 16:00:00,24.58
12/11/2017 16:00:00,23.48,3/29/2017 16:00:00,32.18,4/5/2017 16:00:00,24.4
12/12/2017 16:00:00,23.33,3/30/2017 16:00:00,32.27,4/6/2017 16:00:00,24.59
12/13/2017 16:00:00,23.13,3/31/2017 16:00:00,32.2,4/7/2017 16:00:00,24.66
12/14/2017 16:00:00,23.03,4/3/2017 16:00:00,32.1,4/10/2017 16:00:00,24.75
12/15/2017 16:00:00,23.31,4/4/2017 16:00:00,31.91,4/11/2017 16:00:00,24.74
12/18/2017 16:00:00,23.74,4/5/2017 16:00:00,31.76,4/12/2017 16:00:00,24.52
12/19/2017 16:00:00,23.55,4/6/2017 16:00:00,31.9,4/13/2017 16:00:00,24.41
12/20/2017 16:00:00,23.61,4/7/2017 16:00:00,31.91,4/17/2017 16:00:00,24.57
12/21/2017 16:00:00,23.68,4/10/2017 16:00:00,31.92,4/18/2017 16:00:00,24.92
12/22/2017 16:00:00,23.77,4/11/2017 16:00:00,31.86,4/19/2017 16:00:00,25.1
12/26/2017 16:00:00,23.88,4/12/2017 16:00:00,31.57,4/20/2017 16:00:00,25.48
12/27/2017 16:00:00,23.92,4/13/2017 16:00:00,31.25,4/21/2017 16:00:00,25.31
12/28/2017 16:00:00,23.85,4/17/2017 16:00:00,31.46,4/24/2017 16:00:00,25.64
12/29/2017 16:00:00,23.7,4/18/2017 16:00:00,31.51,4/25/2017 16:00:00,26.04
1/2/2018 16:00:00,24,4/19/2017 16:00:00,31.7,4/26/2017 16:00:00,26.24
1/3/2018 16:00:00,24.49,4/20/2017 16:00:00,32.06,4/27/2017 16:00:00,26.48
1/4/2018 16:00:00,24.84,4/21/2017 16:00:00,31.98,4/28/2017 16:00:00,26.5
1/5/2018 16:00:00,25.12,4/24/2017 16:00:00,32.48,5/1/2017 16:00:00,26.84
1/8/2018 16:00:00,25.3,4/25/2017 16:00:00,32.88,5/2/2017 16:00:00,26.73
1/9/2018 16:00:00,25.38,4/26/2017 16:00:00,33.09,5/3/2017 16:00:00,26.65
1/10/2018 16:00:00,25.54,4/27/2017 16:00:00,33.19,5/4/2017 16:00:00,26.51
1/11/2018 16:00:00,25.77,4/28/2017 16:00:00,33.13,5/5/2017 16:00:00,26.85
1/12/2018 16:00:00,26.18,5/1/2017 16:00:00,33.35,5/8/2017 16:00:00,26.92
1/16/2018 16:00:00,26.61,5/2/2017 16:00:00,33.41,5/9/2017 16:00:00,27.28
1/17/2018 16:00:00,26.99,5/3/2017 16:00:00,33.35,5/10/2017 16:00:00,27.94
1/18/2018 16:00:00,26.92,5/4/2017 16:00:00,33.39,5/11/2017 16:00:00,28.32
1/19/2018 16:00:00,27.26,5/5/2017 16:00:00,33.61,5/12/2017 16:00:00,28.42
1/22/2018 16:00:00,27.3,5/8/2017 16:00:00,33.65,5/15/2017 16:00:00,28.43
1/23/2018 16:00:00,27.38,5/9/2017 16:00:00,33.72,5/16/2017 16:00:00,28.72
1/24/2018 16:00:00,27.14,5/10/2017 16:00:00,33.93,5/17/2017 16:00:00,27.61
1/25/2018 16:00:00,26.99,5/11/2017 16:00:00,33.95,5/18/2017 16:00:00,27.97
1/26/2018 16:00:00,27.28,5/12/2017 16:00:00,34.02,5/19/2017 16:00:00,28.27
1/29/2018 16:00:00,27.1,5/15/2017 16:00:00,34.33,5/22/2017 16:00:00,28.64
1/30/2018 16:00:00,26.52,5/16/2017 16:00:00,34.49,5/23/2017 16:00:00,28.39
1/31/2018 16:00:00,26.47,5/17/2017 16:00:00,33.85,5/24/2017 16:00:00,28.47
2/1/2018 16:00:00,26.67,5/18/2017 16:00:00,33.96,5/25/2017 16:00:00,28.73
2/2/2018 16:00:00,25.95,5/19/2017 16:00:00,34.37,5/26/2017 16:00:00,28.76
2/5/2018 16:00:00,24.41,5/22/2017 16:00:00,34.72,5/30/2017 16:00:00,28.71
2/6/2018 16:00:00,24.99,5/23/2017 16:00:00,34.68,5/31/2017 16:00:00,28.7
2/7/2018 16:00:00,24.87,5/24/2017 16:00:00,34.62,6/1/2017 16:00:00,29.07
2/8/2018 16:00:00,23.81,5/25/2017 16:00:00,34.75,6/2/2017 16:00:00,29.31
2/9/2018 16:00:00,23.91,5/26/2017 16:00:00,34.7,6/5/2017 16:00:00,29.34
2/12/2018 16:00:00,24.36,5/30/2017 16:00:00,34.66,6/6/2017 16:00:00,29.28
2/13/2018 16:00:00,24.07,5/31/2017 16:00:00,34.58,6/7/2017 16:00:00,29.32
2/14/2018 16:00:00,24.41,6/1/2017 16:00:00,34.99,6/8/2017 16:00:00,29.75
2/15/2018 16:00:00,24.79,6/2/2017 16:00:00,35.43,6/9/2017 16:00:00,28.77
2/16/2018 16:00:00,24.79,6/5/2017 16:00:00,35.5,6/12/2017 16:00:00,28.5
2/20/2018 16:00:00,24.66,6/6/2017 16:00:00,35.37,6/13/2017 16:00:00,28.86
2/21/2018 16:00:00,24.68,6/7/2017 16:00:00,35.35,6/14/2017 16:00:00,28.74
2/22/2018 16:00:00,24.72,6/8/2017 16:00:00,35.47,6/15/2017 16:00:00,28.63
2/23/2018 16:00:00,25,6/9/2017 16:00:00,35,6/16/2017 16:00:00,28.56
2/26/2018 16:00:00,25.23,6/12/2017 16:00:00,34.63,6/19/2017 16:00:00,29.09
2/27/2018 16:00:00,25.03,6/13/2017 16:00:00,34.84,6/20/2017 16:00:00,28.84
2/28/2018 16:00:00,24.64,6/14/2017 16:00:00,34.74,6/21/2017 16:00:00,29.02
3/1/2018 16:00:00,23.96,6/15/2017 16:00:00,34.39,6/22/2017 16:00:00,29.21
3/2/2018 16:00:00,24.22,6/16/2017 16:00:00,34.56,6/23/2017 16:00:00,29.27
3/5/2018 16:00:00,24.24,6/19/2017 16:00:00,35,6/26/2017 16:00:00,28.78
3/6/2018 16:00:00,24.7,6/20/2017 16:00:00,34.81,6/27/2017 16:00:00,28.33
3/7/2018 16:00:00,24.38,6/21/2017 16:00:00,34.81,6/28/2017 16:00:00,28.71
3/8/2018 16:00:00,24.55,6/22/2017 16:00:00,34.84,6/29/2017 16:00:00,28.18
3/9/2018 16:00:00,24.89,6/23/2017 16:00:00,34.88,6/30/2017 16:00:00,28.12
3/12/2018 16:00:00,25.06,6/26/2017 16:00:00,34.8,7/3/2017 16:00:00,27.91
3/13/2018 16:00:00,24.94,6/27/2017 16:00:00,34.51,7/5/2017 16:00:00,28.02
3/14/2018 16:00:00,25.1,6/28/2017 16:00:00,34.69,7/6/2017 16:00:00,27.63
3/15/2018 16:00:00,25.21,6/29/2017 16:00:00,34.25,7/7/2017 16:00:00,27.96
3/16/2018 16:00:00,24.99,6/30/2017 16:00:00,34.28,7/10/2017 16:00:00,28.32
3/19/2018 16:00:00,24.5,7/3/2017 16:00:00,34.11,7/11/2017 16:00:00,28.7
3/20/2018 16:00:00,24.45,7/5/2017 16:00:00,34.15,7/12/2017 16:00:00,29.14
3/21/2018 16:00:00,24.43,7/6/2017 16:00:00,33.82,7/13/2017 16:00:00,28.96
3/22/2018 16:00:00,24.14,7/7/2017 16:00:00,34.15,7/14/2017 16:00:00,29.19
3/23/2018 16:00:00,23.36,7/10/2017 16:00:00,34.37,7/17/2017 16:00:00,29.04
3/26/2018 16:00:00,24.03,7/11/2017 16:00:00,34.61,7/18/2017 16:00:00,29.22
3/27/2018 16:00:00,23.67,7/12/2017 16:00:00,35.01,7/19/2017 16:00:00,29.37
3/28/2018 16:00:00,23.68,7/13/2017 16:00:00,35.02,7/20/2017 16:00:00,29.36
3/29/2018 16:00:00,24.19,7/14/2017 16:00:00,35.36,7/21/2017 16:00:00,29.45
4/2/2018 16:00:00,23.61,7/17/2017 16:00:00,35.29,7/24/2017 16:00:00,29.73
4/3/2018 16:00:00,23.74,7/18/2017 16:00:00,35.37,7/25/2017 16:00:00,29.9
4/4/2018 16:00:00,23.38,7/19/2017 16:00:00,35.7,7/26/2017 16:00:00,30.01
4/5/2018 16:00:00,23.5,7/20/2017 16:00:00,35.69,7/27/2017 16:00:00,29.64
4/6/2018 16:00:00,22.95,7/21/2017 16:00:00,35.78,7/28/2017 16:00:00,29.85
4/9/2018 16:00:00,22.9,7/24/2017 16:00:00,35.92,7/31/2017 16:00:00,29.63
4/10/2018 16:00:00,23.55,7/25/2017 16:00:00,35.98,8/1/2017 16:00:00,29.59
4/11/2018 16:00:00,23.71,7/26/2017 16:00:00,36.08,8/2/2017 16:00:00,29.39
4/12/2018 16:00:00,23.79,7/27/2017 16:00:00,36.22,8/3/2017 16:00:00,29.46
4/13/2018 16:00:00,23.77,7/28/2017 16:00:00,36.18,8/4/2017 16:00:00,29.49
4/16/2018 16:00:00,23.82,7/31/2017 16:00:00,36.28,8/7/2017 16:00:00,29.68
4/17/2018 16:00:00,24.11,8/1/2017 16:00:00,36.45,8/8/2017 16:00:00,29.67
4/18/2018 16:00:00,24.47,8/2/2017 16:00:00,36.44,8/9/2017 16:00:00,29.49
4/19/2018 16:00:00,24.3,8/3/2017 16:00:00,36.09,8/10/2017 16:00:00,28.77
4/20/2018 16:00:00,24.06,8/4/2017 16:00:00,36.09,8/11/2017 16:00:00,28.98
4/23/2018 16:00:00,23.86,8/7/2017 16:00:00,36.35,8/14/2017 16:00:00,29.61
4/24/2018 16:00:00,23.67,8/8/2017 16:00:00,36.23,8/15/2017 16:00:00,29.37
4/25/2018 16:00:00,23.32,8/9/2017 16:00:00,36.1,8/16/2017 16:00:00,29.37
4/26/2018 16:00:00,23.46,8/10/2017 16:00:00,35.4,8/17/2017 16:00:00,28.8
4/27/2018 16:00:00,23.2,8/11/2017 16:00:00,35.51,8/18/2017 16:00:00,28.67
4/30/2018 16:00:00,23.1,8/14/2017 16:00:00,35.88,8/21/2017 16:00:00,28.57
5/1/2018 16:00:00,23.04,8/15/2017 16:00:00,35.86,8/22/2017 16:00:00,29.15
5/2/2018 16:00:00,22.97,8/16/2017 16:00:00,35.99,8/23/2017 16:00:00,29.28
5/3/2018 16:00:00,23.02,8/17/2017 16:00:00,35.73,8/24/2017 16:00:00,29.24
5/4/2018 16:00:00,23.23,8/18/2017 16:00:00,35.68,8/25/2017 16:00:00,29.22
5/7/2018 16:00:00,23.39,8/21/2017 16:00:00,35.58,8/28/2017 16:00:00,29.24
5/8/2018 16:00:00,23.56,8/22/2017 16:00:00,36.08,8/29/2017 16:00:00,29.45
5/9/2018 16:00:00,23.58,8/23/2017 16:00:00,36.12,8/30/2017 16:00:00,30
5/10/2018 16:00:00,23.8,8/24/2017 16:00:00,36,8/31/2017 16:00:00,30.36
5/11/2018 16:00:00,23.91,8/25/2017 16:00:00,36.1,9/1/2017 16:00:00,30.34
5/14/2018 16:00:00,23.97,8/28/2017 16:00:00,36.2,9/5/2017 16:00:00,30.02
5/15/2018 16:00:00,23.49,8/29/2017 16:00:00,36.24,9/6/2017 16:00:00,30.08
5/16/2018 16:00:00,23.49,8/30/2017 16:00:00,36.5,9/7/2017 16:00:00,30.27
5/17/2018 16:00:00,23.49,8/31/2017 16:00:00,36.84,9/8/2017 16:00:00,29.97
5/18/2018 16:00:00,23.59,9/1/2017 16:00:00,36.92,9/11/2017 16:00:00,30.58
5/21/2018 16:00:00,23.8,9/5/2017 16:00:00,36.64,9/12/2017 16:00:00,30.82
5/22/2018 16:00:00,23.81,9/6/2017 16:00:00,36.87,9/13/2017 16:00:00,30.78
5/23/2018 16:00:00,23.72,9/7/2017 16:00:00,37.18,9/14/2017 16:00:00,30.9
5/24/2018 16:00:00,23.5,9/8/2017 16:00:00,37.17,9/15/2017 16:00:00,31.26
5/25/2018 16:00:00,23.45,9/11/2017 16:00:00,37.77,9/18/2017 16:00:00,31.66
5/29/2018 16:00:00,23.23,9/12/2017 16:00:00,38.01,9/19/2017 16:00:00,31.65
5/30/2018 16:00:00,23.35,9/13/2017 16:00:00,38,9/20/2017 16:00:00,31.72
5/31/2018 16:00:00,23.24,9/14/2017 16:00:00,38.07,9/21/2017 16:00:00,31.47
6/1/2018 16:00:00,23.46,9/15/2017 16:00:00,38.22,9/22/2017 16:00:00,31.35
6/4/2018 16:00:00,23.62,9/18/2017 16:00:00,38.57,9/25/2017 16:00:00,30.84
6/5/2018 16:00:00,23.63,9/19/2017 16:00:00,38.7,9/26/2017 16:00:00,31.02
6/6/2018 16:00:00,23.55,9/20/2017 16:00:00,38.7,9/27/2017 16:00:00,31.54
6/7/2018 16:00:00,23.46,9/21/2017 16:00:00,38.41,9/28/2017 16:00:00,31.48
6/8/2018 16:00:00,23.5,9/22/2017 16:00:00,38.44,9/29/2017 16:00:00,31.83
6/11/2018 16:00:00,23.68,9/25/2017 16:00:00,38.23,10/2/2017 16:00:00,32.19
6/12/2018 16:00:00,23.6,9/26/2017 16:00:00,38.04,10/3/2017 16:00:00,32.34
6/13/2018 16:00:00,23.47,9/27/2017 16:00:00,38.34,10/4/2017 16:00:00,32.37
6/14/2018 16:00:00,23.39,9/28/2017 16:00:00,38.47,10/5/2017 16:00:00,32.62
6/15/2018 16:00:00,23.11,9/29/2017 16:00:00,38.68,10/6/2017 16:00:00,32.6
6/18/2018 16:00:00,22.82,10/2/2017 16:00:00,38.92,10/9/2017 16:00:00,32.57
6/19/2018 16:00:00,22.5,10/3/2017 16:00:00,39.08,10/10/2017 16:00:00,32.55
6/20/2018 16:00:00,22.73,10/4/2017 16:00:00,39.08,10/11/2017 16:00:00,32.63
6/21/2018 16:00:00,22.67,10/5/2017 16:00:00,39.03,10/12/2017 16:00:00,32.7
6/22/2018 16:00:00,22.69,10/6/2017 16:00:00,38.95,10/13/2017 16:00:00,32.69
6/25/2018 16:00:00,22.15,10/9/2017 16:00:00,39.03,10/16/2017 16:00:00,32.68
6/26/2018 16:00:00,22.28,10/10/2017 16:00:00,39.24,10/17/2017 16:00:00,32.59
6/27/2018 16:00:00,21.96,10/11/2017 16:00:00,39.41,10/18/2017 16:00:00,32.88
6/28/2018 16:00:00,22.06,10/12/2017 16:00:00,39.47,10/19/2017 16:00:00,32.34
6/29/2018 16:00:00,22.01,10/13/2017 16:00:00,39.77,10/20/2017 16:00:00,32.9
7/2/2018 16:00:00,21.92,10/16/2017 16:00:00,39.76,10/23/2017 16:00:00,32.56
7/3/2018 13:00:00,21.91,10/17/2017 16:00:00,39.73,10/24/2017 16:00:00,32.83
7/5/2018 16:00:00,21.67,10/18/2017 16:00:00,39.74,10/25/2017 16:00:00,32.42
7/6/2018 16:00:00,21.89,10/19/2017 16:00:00,39.5,10/26/2017 16:00:00,32.73
7/9/2018 16:00:00,22.11,10/20/2017 16:00:00,39.7,10/27/2017 16:00:00,33.03
7/10/2018 16:00:00,22.4,10/23/2017 16:00:00,39.77,10/30/2017 16:00:00,32.93
7/11/2018 16:00:00,21.96,10/24/2017 16:00:00,39.83,10/31/2017 16:00:00,33.48
7/12/2018 16:00:00,22.18,10/25/2017 16:00:00,39.62,11/1/2017 16:00:00,33.06
7/13/2018 16:00:00,22.15,10/26/2017 16:00:00,39.69,11/2/2017 16:00:00,32.77
7/16/2018 16:00:00,22.12,10/27/2017 16:00:00,40.14,11/3/2017 16:00:00,33.24
7/17/2018 16:00:00,21.91,10/30/2017 16:00:00,40.1,11/6/2017 16:00:00,33.46
7/18/2018 16:00:00,21.97,10/31/2017 16:00:00,40.67,11/7/2017 16:00:00,33.48
7/19/2018 16:00:00,22.08,11/1/2017 16:00:00,40.49,11/8/2017 16:00:00,33.45
7/20/2018 16:00:00,21.96,11/2/2017 16:00:00,40.51,11/9/2017 16:00:00,32.94
7/23/2018 16:00:00,21.83,11/3/2017 16:00:00,40.71,11/10/2017 16:00:00,32.96
7/24/2018 16:00:00,22.04,11/6/2017 16:00:00,40.98,11/13/2017 16:00:00,33.16
7/25/2018 16:00:00,22.41,11/7/2017 16:00:00,40.96,11/14/2017 16:00:00,33.11
7/26/2018 16:00:00,22.64,11/8/2017 16:00:00,41.08,11/15/2017 16:00:00,32.79
7/27/2018 16:00:00,22.66,11/9/2017 16:00:00,40.62,11/16/2017 16:00:00,33.36
7/30/2018 16:00:00,22.3,11/10/2017 16:00:00,40.64,11/17/2017 16:00:00,33.51
7/31/2018 16:00:00,22.31,11/13/2017 16:00:00,40.49,11/20/2017 16:00:00,33.72
8/1/2018 16:00:00,22.3,11/14/2017 16:00:00,40.57,11/21/2017 16:00:00,34.45
8/2/2018 16:00:00,22.22,11/15/2017 16:00:00,40.2,11/22/2017 16:00:00,34.38
8/3/2018 16:00:00,22.22,11/16/2017 16:00:00,40.9,11/24/2017 13:00:00,34.55
8/6/2018 16:00:00,22.14,11/17/2017 16:00:00,41,11/27/2017 16:00:00,34.72
8/7/2018 16:00:00,22.13,11/20/2017 16:00:00,41.42,11/28/2017 16:00:00,34.98
8/8/2018 16:00:00,22.35,11/21/2017 16:00:00,42.11,11/29/2017 16:00:00,34.01
8/9/2018 16:00:00,22.48,11/22/2017 16:00:00,42.25,11/30/2017 16:00:00,34.05
8/10/2018 16:00:00,22.22,11/24/2017 16:00:00,42.59,12/1/2017 16:00:00,33.84
8/13/2018 16:00:00,21.92,11/27/2017 16:00:00,42.36,12/4/2017 16:00:00,33.17
8/14/2018 16:00:00,21.96,11/28/2017 16:00:00,42.54,12/5/2017 16:00:00,33.13
8/15/2018 16:00:00,21.55,11/29/2017 16:00:00,41.69,12/6/2017 16:00:00,33.18
8/16/2018 16:00:00,21.7,11/30/2017 16:00:00,41.69,12/7/2017 16:00:00,33.61
8/17/2018 16:00:00,21.82,12/1/2017 16:00:00,41.57,12/8/2017 16:00:00,33.44
8/20/2018 16:00:00,21.88,12/4/2017 16:00:00,40.79,12/11/2017 16:00:00,33.6
8/21/2018 16:00:00,22.08,12/5/2017 16:00:00,40.48,12/12/2017 16:00:00,33.84
8/22/2018 16:00:00,22.29,12/6/2017 16:00:00,40.27,12/13/2017 16:00:00,34.05
8/23/2018 16:00:00,22.21,12/7/2017 16:00:00,40.63,12/14/2017 16:00:00,33.93
8/24/2018 16:00:00,22.27,12/8/2017 16:00:00,40.79,12/15/2017 16:00:00,34.6
8/27/2018 16:00:00,22.67,12/11/2017 16:00:00,40.7,12/18/2017 16:00:00,35.34
8/28/2018 16:00:00,22.93,12/12/2017 16:00:00,40.64,12/19/2017 16:00:00,34.87
8/29/2018 16:00:00,23.08,12/13/2017 16:00:00,40.46,12/20/2017 16:00:00,34.42
8/30/2018 16:00:00,22.98,12/14/2017 16:00:00,40.27,12/21/2017 16:00:00,33.95
8/31/2018 16:00:00,23.05,12/15/2017 16:00:00,40.39,12/22/2017 16:00:00,33.75
9/4/2018 16:00:00,22.74,12/18/2017 16:00:00,41.08,12/26/2017 16:00:00,33.84
9/5/2018 16:00:00,22.43,12/19/2017 16:00:00,40.99,12/27/2017 16:00:00,33.18
9/6/2018 16:00:00,22.36,12/20/2017 16:00:00,41.01,12/28/2017 16:00:00,33.09
9/7/2018 16:00:00,22.06,12/21/2017 16:00:00,41.25,12/29/2017 16:00:00,32.94
9/10/2018 16:00:00,22.21,12/22/2017 16:00:00,41.35,1/2/2018 16:00:00,33.74
9/11/2018 16:00:00,22.08,12/26/2017 16:00:00,41.28,1/3/2018 16:00:00,34.23
9/12/2018 16:00:00,21.97,12/27/2017 16:00:00,41.34,1/4/2018 16:00:00,34.35
9/13/2018 16:00:00,22.16,12/28/2017 16:00:00,41.44,1/5/2018 16:00:00,34.78
9/14/2018 16:00:00,22.66,12/29/2017 16:00:00,41.32,1/8/2018 16:00:00,35.21
9/17/2018 16:00:00,22.64,1/2/2018 16:00:00,41.74,1/9/2018 16:00:00,35.3
9/18/2018 16:00:00,22.94,1/3/2018 16:00:00,42.37,1/10/2018 16:00:00,35.11
9/19/2018 16:00:00,23.02,1/4/2018 16:00:00,43,1/11/2018 16:00:00,35.5
9/20/2018 16:00:00,23.07,1/5/2018 16:00:00,43.41,1/12/2018 16:00:00,35.96
9/21/2018 16:00:00,23.07,1/8/2018 16:00:00,43.61,1/16/2018 16:00:00,35.82
9/24/2018 16:00:00,23.07,1/9/2018 16:00:00,43.7,1/17/2018 16:00:00,36.13
9/25/2018 16:00:00,22.97,1/10/2018 16:00:00,43.52,1/18/2018 16:00:00,35.91
9/26/2018 16:00:00,22.91,1/11/2018 16:00:00,44.02,1/19/2018 16:00:00,36.21
9/27/2018 16:00:00,22.77,1/12/2018 16:00:00,44.62,1/22/2018 16:00:00,36.47
9/28/2018 16:00:00,22.88,1/16/2018 16:00:00,44.9,1/23/2018 16:00:00,36.67
10/1/2018 16:00:00,23.1,1/17/2018 16:00:00,45.32,1/24/2018 16:00:00,36.39
10/2/2018 16:00:00,22.96,1/18/2018 16:00:00,45.29,1/25/2018 16:00:00,36.14
10/3/2018 16:00:00,22.78,1/19/2018 16:00:00,45.83,1/26/2018 16:00:00,36.72
10/4/2018 16:00:00,22.41,1/22/2018 16:00:00,46.02,1/29/2018 16:00:00,36.48
10/5/2018 16:00:00,22.1,1/23/2018 16:00:00,46.16,1/30/2018 16:00:00,35.99
10/8/2018 16:00:00,21.86,1/24/2018 16:00:00,45.8,1/31/2018 16:00:00,36.09
10/9/2018 16:00:00,21.53,1/25/2018 16:00:00,45.58,2/1/2018 16:00:00,35.81
10/10/2018 16:00:00,20.45,1/26/2018 16:00:00,46.12,2/2/2018 16:00:00,34.79
10/11/2018 16:00:00,20.07,1/29/2018 16:00:00,45.72,2/5/2018 16:00:00,33.55
10/12/2018 16:00:00,20.58,1/30/2018 16:00:00,45.15,2/6/2018 16:00:00,34.09
10/15/2018 16:00:00,20.45,1/31/2018 16:00:00,45.2,2/7/2018 16:00:00,34.18
10/16/2018 16:00:00,21.1,2/1/2018 16:00:00,45.42,2/8/2018 16:00:00,32.61
10/17/2018 16:00:00,21.11,2/2/2018 16:00:00,44.32,2/9/2018 16:00:00,32.8
10/18/2018 16:00:00,20.41,2/5/2018 16:00:00,42.03,2/12/2018 16:00:00,33.41
10/19/2018 16:00:00,20.2,2/6/2018 16:00:00,42.74,2/13/2018 16:00:00,33.65
10/22/2018 16:00:00,20.29,2/7/2018 16:00:00,42.51,2/14/2018 16:00:00,34.4
10/23/2018 16:00:00,19.92,2/8/2018 16:00:00,40.6,2/15/2018 16:00:00,35.07
10/24/2018 16:00:00,18.88,2/9/2018 16:00:00,40.98,2/16/2018 16:00:00,34.94
10/25/2018 16:00:00,19.15,2/12/2018 16:00:00,41.73,2/20/2018 16:00:00,34.99
10/26/2018 16:00:00,18.77,2/13/2018 16:00:00,41.45,2/21/2018 16:00:00,35
10/29/2018 16:00:00,18.42,2/14/2018 16:00:00,42.26,2/22/2018 16:00:00,35.13
10/30/2018 16:00:00,19.16,2/15/2018 16:00:00,42.87,2/23/2018 16:00:00,35.47
10/31/2018 16:00:00,19.72,2/16/2018 16:00:00,42.87,2/26/2018 16:00:00,35.99
11/1/2018 16:00:00,19.94,2/20/2018 16:00:00,42.55,2/27/2018 16:00:00,35.5
11/2/2018 16:00:00,20.43,2/21/2018 16:00:00,42.65,2/28/2018 16:00:00,34.57
11/5/2018 16:00:00,20.34,2/22/2018 16:00:00,42.84,3/1/2018 16:00:00,34.13
11/6/2018 16:00:00,20.4,2/23/2018 16:00:00,43.23,3/2/2018 16:00:00,34.73
11/7/2018 16:00:00,20.71,2/26/2018 16:00:00,43.66,3/5/2018 16:00:00,35.2
11/8/2018 16:00:00,20.34,2/27/2018 16:00:00,43.11,3/6/2018 16:00:00,35.63
11/9/2018 16:00:00,19.95,2/28/2018 16:00:00,42.62,3/7/2018 16:00:00,35.74
11/12/2018 16:00:00,19.5,3/1/2018 16:00:00,41.68,3/8/2018 16:00:00,35.99
11/13/2018 16:00:00,19.58,3/2/2018 16:00:00,42.2,3/9/2018 16:00:00,36.39
11/14/2018 16:00:00,19.55,3/5/2018 16:00:00,42.52,3/12/2018 16:00:00,36.79
11/15/2018 16:00:00,19.74,3/6/2018 16:00:00,42.98,3/13/2018 16:00:00,36.34
11/16/2018 16:00:00,19.41,3/7/2018 16:00:00,42.91,3/14/2018 16:00:00,36.21
11/19/2018 16:00:00,19.06,3/8/2018 16:00:00,43.1,3/15/2018 16:00:00,36.23
11/20/2018 16:00:00,18.65,3/9/2018 16:00:00,43.66,3/16/2018 16:00:00,36.08
11/21/2018 16:00:00,19.01,3/12/2018 16:00:00,43.96,3/19/2018 16:00:00,35.4
11/23/2018 13:00:00,18.8,3/13/2018 16:00:00,43.62,3/20/2018 16:00:00,35.59
11/26/2018 16:00:00,19.35,3/14/2018 16:00:00,43.71,3/21/2018 16:00:00,35.51
11/27/2018 16:00:00,19.23,3/15/2018 16:00:00,43.77,3/22/2018 16:00:00,34.45
11/28/2018 16:00:00,19.85,3/16/2018 16:00:00,43.4,3/23/2018 16:00:00,33.43
11/29/2018 16:00:00,19.75,3/19/2018 16:00:00,42.76,3/26/2018 16:00:00,34.33
11/30/2018 16:00:00,19.71,3/20/2018 16:00:00,42.72,3/27/2018 16:00:00,33.04
12/3/2018 16:00:00,20.1,3/21/2018 16:00:00,42.94,3/28/2018 16:00:00,32.19
12/4/2018 16:00:00,19.07,3/22/2018 16:00:00,41.95,3/29/2018 16:00:00,32.86
12/6/2018 16:00:00,18.68,3/23/2018 16:00:00,40.93,4/2/2018 16:00:00,31.85
12/7/2018 16:00:00,18.22,3/26/2018 16:00:00,41.92,4/3/2018 16:00:00,32.21
12/10/2018 16:00:00,18.13,3/27/2018 16:00:00,41.39,4/4/2018 16:00:00,32.7
12/11/2018 16:00:00,17.87,3/28/2018 16:00:00,41.09,4/5/2018 16:00:00,33.12
12/12/2018 16:00:00,18.21,3/29/2018 16:00:00,41.82,4/6/2018 16:00:00,32.43
12/13/2018 16:00:00,18.1,4/2/2018 16:00:00,40.99,4/9/2018 16:00:00,32.61
12/14/2018 16:00:00,17.66,4/3/2018 16:00:00,41.32,4/10/2018 16:00:00,33.33
12/17/2018 16:00:00,17.28,4/4/2018 16:00:00,41.12,4/11/2018 16:00:00,33.33
12/18/2018 16:00:00,17.4,4/5/2018 16:00:00,41.31,4/12/2018 16:00:00,33.6
12/19/2018 16:00:00,17.18,4/6/2018 16:00:00,40.46,4/13/2018 16:00:00,33.61
12/20/2018 16:00:00,16.86,4/9/2018 16:00:00,40.48,4/16/2018 16:00:00,33.69
12/21/2018 16:00:00,16.39,4/10/2018 16:00:00,41.39,4/17/2018 16:00:00,33.69
12/24/2018 13:00:00,16.06,4/11/2018 16:00:00,41.57,4/18/2018 16:00:00,34.43
12/26/2018 16:00:00,16.78,4/12/2018 16:00:00,41.79,4/19/2018 16:00:00,34.06
12/27/2018 16:00:00,16.85,4/13/2018 16:00:00,41.87,4/20/2018 16:00:00,33.76
12/28/2018 16:00:00,16.73,4/16/2018 16:00:00,42.07,4/23/2018 16:00:00,33.33
12/31/2018 16:00:00,16.74,4/17/2018 16:00:00,42.46,4/24/2018 16:00:00,32.72
1/2/2019 16:00:00,16.82,4/18/2018 16:00:00,42.85,4/25/2018 16:00:00,32.3
1/3/2019 16:00:00,16.37,4/19/2018 16:00:00,42.53,4/26/2018 16:00:00,32.6
1/4/2019 16:00:00,16.89,4/20/2018 16:00:00,42.22,4/27/2018 16:00:00,32.74
1/7/2019 16:00:00,17.17,4/23/2018 16:00:00,41.71,4/30/2018 16:00:00,32.59
1/8/2019 16:00:00,17.4,4/24/2018 16:00:00,41.21,5/1/2018 16:00:00,32.86
1/9/2019 16:00:00,17.65,4/25/2018 16:00:00,40.75,5/2/2018 16:00:00,32.56
1/10/2019 16:00:00,17.65,4/26/2018 16:00:00,40.84,5/3/2018 16:00:00,32.45
1/11/2019 16:00:00,17.48,4/27/2018 16:00:00,40.45,5/4/2018 16:00:00,33.15
1/14/2019 16:00:00,17.37,4/30/2018 16:00:00,40.26,5/7/2018 16:00:00,33.6
1/15/2019 16:00:00,17.76,5/1/2018 16:00:00,40.15,5/8/2018 16:00:00,33.87
1/16/2019 16:00:00,17.91,5/2/2018 16:00:00,39.93,5/9/2018 16:00:00,34.42
1/17/2019 16:00:00,18,5/3/2018 16:00:00,40.03,5/10/2018 16:00:00,34.79
1/18/2019 16:00:00,18.4,5/4/2018 16:00:00,40.47,5/11/2018 16:00:00,34.58
1/22/2019 16:00:00,17.79,5/7/2018 16:00:00,40.87,5/14/2018 16:00:00,34.37
1/23/2019 16:00:00,17.79,5/8/2018 16:00:00,41.2,5/15/2018 16:00:00,34.17
1/24/2019 16:00:00,18.09,5/9/2018 16:00:00,41.65,5/16/2018 16:00:00,34.46
1/25/2019 16:00:00,18.51,5/10/2018 16:00:00,41.87,5/17/2018 16:00:00,34.53
1/28/2019 16:00:00,18.19,5/11/2018 16:00:00,42.02,5/18/2018 16:00:00,34.53
1/29/2019 16:00:00,17.93,5/14/2018 16:00:00,42.02,5/21/2018 16:00:00,34.23
1/30/2019 16:00:00,18.28,5/15/2018 16:00:00,41.72,5/22/2018 16:00:00,34
1/31/2019 16:00:00,18.46,5/16/2018 16:00:00,41.87,5/23/2018 16:00:00,34.09
2/1/2019 16:00:00,18.51,5/17/2018 16:00:00,41.86,5/24/2018 16:00:00,33.94
2/4/2019 16:00:00,18.68,5/18/2018 16:00:00,41.94,5/25/2018 16:00:00,34.02
2/5/2019 16:00:00,18.88,5/21/2018 16:00:00,42.52,5/29/2018 16:00:00,33.84
2/6/2019 16:00:00,18.92,5/22/2018 16:00:00,42.4,5/30/2018 16:00:00,34.08
2/7/2019 16:00:00,18.69,5/23/2018 16:00:00,42.12,5/31/2018 16:00:00,33.99
2/8/2019 16:00:00,18.51,5/24/2018 16:00:00,41.94,6/1/2018 16:00:00,34.44
2/11/2019 16:00:00,18.58,5/25/2018 16:00:00,41.72,6/4/2018 16:00:00,34.86
2/12/2019 16:00:00,19.23,5/29/2018 16:00:00,41.24,6/5/2018 16:00:00,35.05
2/13/2019 16:00:00,19.37,5/30/2018 16:00:00,41.48,6/6/2018 16:00:00,35.77
2/14/2019 16:00:00,19.31,5/31/2018 16:00:00,41.29,6/7/2018 16:00:00,35.46
2/15/2019 16:00:00,19.63,6/1/2018 16:00:00,41.76,6/8/2018 16:00:00,35.47
2/19/2019 16:00:00,19.67,6/4/2018 16:00:00,42.06,6/11/2018 16:00:00,36.22
2/20/2019 16:00:00,19.81,6/5/2018 16:00:00,42.29,6/12/2018 16:00:00,36.38
2/21/2019 16:00:00,19.7,6/6/2018 16:00:00,42.5,6/13/2018 16:00:00,36.39
2/22/2019 16:00:00,19.93,6/7/2018 16:00:00,42.37,6/14/2018 16:00:00,36.75
2/25/2019 16:00:00,20.12,6/8/2018 16:00:00,42.41,6/15/2018 16:00:00,36.75
2/26/2019 16:00:00,20.04,6/11/2018 16:00:00,42.64,6/18/2018 16:00:00,36.95
2/27/2019 16:00:00,19.84,6/12/2018 16:00:00,42.58,6/19/2018 16:00:00,36.18
2/28/2019 16:00:00,19.52,6/13/2018 16:00:00,42.38,6/20/2018 16:00:00,36.64
3/1/2019 16:00:00,19.77,6/14/2018 16:00:00,42.21,6/21/2018 16:00:00,35.68
3/4/2019 16:00:00,19.76,6/15/2018 16:00:00,41.56,6/22/2018 16:00:00,35.25
3/5/2019 16:00:00,19.7,6/18/2018 16:00:00,41.29,6/25/2018 16:00:00,34.38
3/6/2019 16:00:00,19.52,6/19/2018 16:00:00,40.6,6/26/2018 16:00:00,34.78
3/7/2019 16:00:00,19.05,6/20/2018 16:00:00,40.85,6/27/2018 16:00:00,34.19
3/8/2019 16:00:00,19.01,6/21/2018 16:00:00,40.55,6/28/2018 16:00:00,34.57
3/11/2019 16:00:00,19.39,6/22/2018 16:00:00,40.58,6/29/2018 16:00:00,34.66
3/12/2019 16:00:00,19.58,6/25/2018 16:00:00,39.7,7/2/2018 16:00:00,34.68
3/13/2019 16:00:00,19.71,6/26/2018 16:00:00,40.07,7/3/2018 13:00:00,34.27
3/14/2019 16:00:00,19.58,6/27/2018 16:00:00,39.76,7/5/2018 16:00:00,34.57
3/15/2019 16:00:00,19.75,6/28/2018 16:00:00,39.86,7/6/2018 16:00:00,35.08
3/18/2019 16:00:00,19.91,6/29/2018 16:00:00,40,7/9/2018 16:00:00,35.66
3/19/2019 16:00:00,20,7/2/2018 16:00:00,39.9,7/10/2018 16:00:00,35.6
3/20/2019 16:00:00,19.97,7/3/2018 13:00:00,39.91,7/11/2018 16:00:00,35.22
3/21/2019 16:00:00,20.15,7/5/2018 16:00:00,39.8,7/12/2018 16:00:00,35.69
3/22/2019 16:00:00,19.77,7/6/2018 16:00:00,40.28,7/13/2018 16:00:00,35.65
3/25/2019 16:00:00,19.78,7/9/2018 16:00:00,40.63,7/16/2018 16:00:00,35.48
3/26/2019 16:00:00,20,7/10/2018 16:00:00,41.05,7/17/2018 16:00:00,35.94
3/27/2019 16:00:00,19.82,7/11/2018 16:00:00,40.18,7/18/2018 16:00:00,36.12
3/28/2019 16:00:00,19.99,7/12/2018 16:00:00,40.65,7/19/2018 16:00:00,35.95
3/29/2019 16:00:00,20.08,7/13/2018 16:00:00,40.72,7/20/2018 16:00:00,35.8
4/1/2019 16:00:00,20.48,7/16/2018 16:00:00,40.57,7/23/2018 16:00:00,35.69
4/2/2019 16:00:00,20.61,7/17/2018 16:00:00,40.49,7/24/2018 16:00:00,35.11
4/3/2019 16:00:00,20.98,7/18/2018 16:00:00,40.59,7/25/2018 16:00:00,35.86
4/4/2019 16:00:00,21.03,7/19/2018 16:00:00,40.61,7/26/2018 16:00:00,35.85
4/5/2019 16:00:00,21.22,7/20/2018 16:00:00,40.55,7/27/2018 16:00:00,35.22
4/8/2019 16:00:00,21.21,7/23/2018 16:00:00,40.4,7/30/2018 16:00:00,34.59
4/9/2019 16:00:00,21.13,7/24/2018 16:00:00,40.48,7/31/2018 16:00:00,35.01
4/10/2019 16:00:00,21.29,7/25/2018 16:00:00,41.04,8/1/2018 16:00:00,35.19
4/11/2019 16:00:00,21.22,7/26/2018 16:00:00,41.43,8/2/2018 16:00:00,36.16
4/12/2019 16:00:00,21.42,7/27/2018 16:00:00,41.27,8/3/2018 16:00:00,36.24
4/15/2019 16:00:00,21.44,7/30/2018 16:00:00,40.84,8/6/2018 16:00:00,36.26
4/16/2019 16:00:00,21.69,7/31/2018 16:00:00,40.83,8/7/2018 16:00:00,36.73
4/17/2019 16:00:00,21.75,8/1/2018 16:00:00,40.82,8/8/2018 16:00:00,36.85
4/18/2019 16:00:00,21.77,8/2/2018 16:00:00,40.78,8/9/2018 16:00:00,36.52
4/22/2019 16:00:00,21.62,8/3/2018 16:00:00,40.72,8/10/2018 16:00:00,36.35
4/23/2019 16:00:00,21.71,8/6/2018 16:00:00,40.64,8/13/2018 16:00:00,35.97
4/24/2019 16:00:00,21.36,8/7/2018 16:00:00,40.79,8/14/2018 16:00:00,36.05
4/25/2019 16:00:00,21.21,8/8/2018 16:00:00,41.13,8/15/2018 16:00:00,35.44
4/26/2019 16:00:00,21.32,8/9/2018 16:00:00,41.22,8/16/2018 16:00:00,35.56
4/29/2019 16:00:00,21.42,8/10/2018 16:00:00,40.71,8/17/2018 16:00:00,35.3
4/30/2019 16:00:00,21.51,8/13/2018 16:00:00,40.23,8/20/2018 16:00:00,35.75
5/1/2019 16:00:00,21.36,8/14/2018 16:00:00,40.56,8/21/2018 16:00:00,36.23
5/2/2019 16:00:00,21.35,8/15/2018 16:00:00,39.78,8/22/2018 16:00:00,36.2
5/3/2019 16:00:00,21.76,8/16/2018 16:00:00,40.07,8/23/2018 16:00:00,36.08
5/6/2019 16:00:00,21.41,8/17/2018 16:00:00,40.33,8/24/2018 16:00:00,36.68
5/7/2019 16:00:00,20.7,8/20/2018 16:00:00,40.61,8/27/2018 16:00:00,37.17
5/8/2019 16:00:00,20.67,8/21/2018 16:00:00,41.17,8/28/2018 16:00:00,37.2
5/9/2019 16:00:00,20.44,8/22/2018 16:00:00,41.36,8/29/2018 16:00:00,37.37
5/10/2019 16:00:00,20.6,8/23/2018 16:00:00,41.29,8/30/2018 16:00:00,37.12
5/13/2019 16:00:00,19.66,8/24/2018 16:00:00,41.47,8/31/2018 16:00:00,37.14
5/14/2019 16:00:00,20.05,8/27/2018 16:00:00,42.1,9/4/2018 16:00:00,36.6
5/15/2019 16:00:00,20.16,8/28/2018 16:00:00,42.58,9/5/2018 16:00:00,35.83
5/16/2019 16:00:00,20.26,8/29/2018 16:00:00,42.85,9/6/2018 16:00:00,35.83
5/17/2019 16:00:00,19.91,8/30/2018 16:00:00,42.66,9/7/2018 16:00:00,35.59
5/20/2019 16:00:00,19.41,8/31/2018 16:00:00,42.65,9/10/2018 16:00:00,35.86
5/21/2019 16:00:00,19.6,9/4/2018 16:00:00,42.04,9/11/2018 16:00:00,35.91
5/22/2019 16:00:00,19.46,9/5/2018 16:00:00,41.54,9/12/2018 16:00:00,36.07
5/23/2019 16:00:00,18.95,9/6/2018 16:00:00,41.36,9/13/2018 16:00:00,36.43
5/24/2019 16:00:00,19.2,9/7/2018 16:00:00,40.99,9/14/2018 16:00:00,36.6
5/28/2019 16:00:00,18.99,9/10/2018 16:00:00,41.17,9/17/2018 16:00:00,36.06
5/29/2019 16:00:00,18.94,9/11/2018 16:00:00,41.18,9/18/2018 16:00:00,36.15
5/30/2019 16:00:00,19.23,9/12/2018 16:00:00,41,9/19/2018 16:00:00,36.51
5/31/2019 16:00:00,18.8,9/13/2018 16:00:00,41.33,9/20/2018 16:00:00,36.86
6/3/2019 16:00:00,18.71,9/14/2018 16:00:00,41.91,9/21/2018 16:00:00,36.62
6/4/2019 16:00:00,19.34,9/17/2018 16:00:00,41.71,9/24/2018 16:00:00,36.45
6/5/2019 16:00:00,19.46,9/18/2018 16:00:00,42.23,9/25/2018 16:00:00,36.56
6/6/2019 16:00:00,19.35,9/19/2018 16:00:00,42.22,9/26/2018 16:00:00,36.57
6/7/2019 16:00:00,19.75,9/20/2018 16:00:00,42.52,9/27/2018 16:00:00,36.66
6/10/2019 16:00:00,19.96,9/21/2018 16:00:00,42.78,9/28/2018 16:00:00,36.02
6/11/2019 16:00:00,20.11,9/24/2018 16:00:00,42.56,10/1/2018 16:00:00,36.56
6/12/2019 16:00:00,19.8,9/25/2018 16:00:00,42.36,10/2/2018 16:00:00,35.89
6/13/2019 16:00:00,19.93,9/26/2018 16:00:00,42,10/3/2018 16:00:00,36.01
6/14/2019 16:00:00,19.51,9/27/2018 16:00:00,41.91,10/4/2018 16:00:00,35.15
6/17/2019 16:00:00,19.72,9/28/2018 16:00:00,41.85,10/5/2018 16:00:00,34.33
6/18/2019 16:00:00,20,10/1/2018 16:00:00,42.1,10/8/2018 16:00:00,33.78
6/19/2019 16:00:00,20.32,10/2/2018 16:00:00,41.83,10/9/2018 16:00:00,33.7
6/20/2019 16:00:00,20.63,10/3/2018 16:00:00,41.69,10/10/2018 16:00:00,32.22
6/21/2019 16:00:00,20.5,10/4/2018 16:00:00,40.91,10/11/2018 16:00:00,31.66
6/24/2019 16:00:00,20.47,10/5/2018 16:00:00,40,10/12/2018 16:00:00,32.6
6/25/2019 16:00:00,20.35,10/8/2018 16:00:00,39.57,10/15/2018 16:00:00,32.27
6/26/2019 16:00:00,20.4,10/9/2018 16:00:00,39.02,10/16/2018 16:00:00,33.39
6/27/2019 16:00:00,20.55,10/10/2018 16:00:00,37.27,10/17/2018 16:00:00,33.19
6/28/2019 16:00:00,20.75,10/11/2018 16:00:00,36.59,10/18/2018 16:00:00,32.32
7/1/2019 16:00:00,21.09,10/12/2018 16:00:00,37.41,10/19/2018 16:00:00,31.82
7/2/2019 16:00:00,20.99,10/15/2018 16:00:00,37.25,10/22/2018 16:00:00,32.11
7/3/2019 13:00:00,21.1,10/16/2018 16:00:00,38.52,10/23/2018 16:00:00,32.27
7/5/2019 16:00:00,20.77,10/17/2018 16:00:00,38.44,10/24/2018 16:00:00,30.96
7/8/2019 16:00:00,20.56,10/18/2018 16:00:00,37.35,10/25/2018 16:00:00,31.92
7/9/2019 16:00:00,20.18,10/19/2018 16:00:00,36.99,10/26/2018 16:00:00,31.6
7/10/2019 16:00:00,20.29,10/22/2018 16:00:00,37.13,10/29/2018 16:00:00,31.21
7/11/2019 16:00:00,20.18,10/23/2018 16:00:00,36.62,10/30/2018 16:00:00,31.79
7/12/2019 16:00:00,20.07,10/24/2018 16:00:00,35.04,10/31/2018 16:00:00,32.45
7/15/2019 16:00:00,20.02,10/25/2018 16:00:00,35.5,11/1/2018 16:00:00,34.22
7/16/2019 16:00:00,19.89,10/26/2018 16:00:00,35,11/2/2018 16:00:00,34.25
7/17/2019 16:00:00,19.98,10/29/2018 16:00:00,34.61,11/5/2018 16:00:00,33.73
7/18/2019 16:00:00,19.92,10/30/2018 16:00:00,35.72,11/6/2018 16:00:00,33.95
7/19/2019 16:00:00,20.02,10/31/2018 16:00:00,36.32,11/7/2018 16:00:00,34.71
7/22/2019 16:00:00,20.17,11/1/2018 16:00:00,37.1,11/8/2018 16:00:00,34.72
7/23/2019 16:00:00,20.42,11/2/2018 16:00:00,37.92,11/9/2018 16:00:00,33.96
7/24/2019 16:00:00,20.5,11/5/2018 16:00:00,37.57,11/12/2018 16:00:00,32.76
7/25/2019 16:00:00,20.17,11/6/2018 16:00:00,37.75,11/13/2018 16:00:00,33
7/26/2019 16:00:00,20.03,11/7/2018 16:00:00,38.38,11/14/2018 16:00:00,33.1
7/29/2019 16:00:00,19.9,11/8/2018 16:00:00,37.9,11/15/2018 16:00:00,33.6
7/30/2019 16:00:00,19.91,11/9/2018 16:00:00,37.04,11/16/2018 16:00:00,33.38
7/31/2019 16:00:00,19.62,11/12/2018 16:00:00,36.14,11/19/2018 16:00:00,32.13
8/1/2019 16:00:00,19.27,11/13/2018 16:00:00,36.25,11/20/2018 16:00:00,31.56
8/2/2019 16:00:00,18.9,11/14/2018 16:00:00,36.25,11/21/2018 16:00:00,32.03
8/5/2019 16:00:00,18.02,11/15/2018 16:00:00,36.68,11/23/2018 13:00:00,31.95
8/6/2019 16:00:00,18.51,11/16/2018 16:00:00,36.51,11/26/2018 16:00:00,32.82
8/7/2019 16:00:00,18.46,11/19/2018 16:00:00,35.79,11/27/2018 16:00:00,32.39
8/8/2019 16:00:00,18.94,11/20/2018 16:00:00,35.09,11/28/2018 16:00:00,33.31
8/9/2019 16:00:00,18.48,11/21/2018 16:00:00,35.69,11/29/2018 16:00:00,32.95
8/12/2019 16:00:00,18.28,11/23/2018 13:00:00,35.3,11/30/2018 16:00:00,33.28
8/13/2019 16:00:00,18.8,11/26/2018 16:00:00,36.03,12/3/2018 16:00:00,33.93
8/14/2019 16:00:00,18.07,11/27/2018 16:00:00,35.86,12/4/2018 16:00:00,32.65
8/15/2019 16:00:00,18.17,11/28/2018 16:00:00,37.05,12/6/2018 16:00:00,32.71
8/16/2019 16:00:00,18.49,11/29/2018 16:00:00,36.96,12/7/2018 16:00:00,31.86
8/19/2019 16:00:00,18.65,11/30/2018 16:00:00,36.97,12/10/2018 16:00:00,31.94
8/20/2019 16:00:00,18.56,12/3/2018 16:00:00,37.94,12/11/2018 16:00:00,32.06
8/21/2019 16:00:00,18.81,12/4/2018 16:00:00,36.22,12/12/2018 16:00:00,32.52
8/22/2019 16:00:00,18.71,12/6/2018 16:00:00,35.66,12/13/2018 16:00:00,32.25
8/23/2019 16:00:00,18.15,12/7/2018 16:00:00,34.68,12/14/2018 16:00:00,31.78
8/26/2019 16:00:00,18.42,12/10/2018 16:00:00,34.6,12/17/2018 16:00:00,30.73
8/27/2019 16:00:00,18.25,12/11/2018 16:00:00,34.43,12/18/2018 16:00:00,31
8/28/2019 16:00:00,18.27,12/12/2018 16:00:00,35.05,12/19/2018 16:00:00,30.56
8/29/2019 16:00:00,18.6,12/13/2018 16:00:00,34.67,12/20/2018 16:00:00,29.92
8/30/2019 16:00:00,18.8,12/14/2018 16:00:00,34,12/21/2018 16:00:00,29.33
9/3/2019 16:00:00,18.51,12/17/2018 16:00:00,33.23,12/24/2018 13:00:00,28.79
9/4/2019 16:00:00,18.83,12/18/2018 16:00:00,33.47,12/26/2018 16:00:00,30.09
9/5/2019 16:00:00,19.34,12/19/2018 16:00:00,33.01,12/27/2018 16:00:00,29.22
9/6/2019 16:00:00,19.42,12/20/2018 16:00:00,32.34,12/28/2018 16:00:00,29.5
9/9/2019 16:00:00,19.65,12/21/2018 16:00:00,31.58,12/31/2018 16:00:00,29.49
9/10/2019 16:00:00,19.85,12/24/2018 13:00:00,30.86,1/2/2019 16:00:00,29.56
9/11/2019 16:00:00,20.19,12/26/2018 16:00:00,32.08,1/3/2019 16:00:00,28.43
9/12/2019 16:00:00,20.46,12/27/2018 16:00:00,32.13,1/4/2019 16:00:00,29.73
9/13/2019 16:00:00,20.48,12/28/2018 16:00:00,32.33,1/7/2019 16:00:00,30.43
9/16/2019 16:00:00,20.33,12/31/2018 16:00:00,32.55,1/8/2019 16:00:00,30.71
9/17/2019 16:00:00,20.27,1/2/2019 16:00:00,32.64,1/9/2019 16:00:00,31.37
9/18/2019 16:00:00,20.31,1/3/2019 16:00:00,31.56,1/10/2019 16:00:00,31.36
9/19/2019 16:00:00,20.25,1/4/2019 16:00:00,32.78,1/11/2019 16:00:00,31.35
9/20/2019 16:00:00,20,1/7/2019 16:00:00,33.31,1/14/2019 16:00:00,30.9
9/23/2019 16:00:00,19.96,1/8/2019 16:00:00,33.74,1/15/2019 16:00:00,31.65
9/24/2019 16:00:00,19.84,1/9/2019 16:00:00,34.3,1/16/2019 16:00:00,31.62
9/25/2019 16:00:00,19.95,1/10/2019 16:00:00,34.45,1/17/2019 16:00:00,31.72
9/26/2019 16:00:00,19.93,1/11/2019 16:00:00,34.3,1/18/2019 16:00:00,31.89
9/27/2019 16:00:00,19.75,1/14/2019 16:00:00,34.05,1/22/2019 16:00:00,30.87
9/30/2019 16:00:00,20.02,1/15/2019 16:00:00,34.58,1/23/2019 16:00:00,30.91
10/1/2019 16:00:00,19.8,1/16/2019 16:00:00,34.77,1/24/2019 16:00:00,31.48
10/2/2019 16:00:00,19.24,1/17/2019 16:00:00,34.94,1/25/2019 16:00:00,32.18
10/3/2019 16:00:00,19.55,1/18/2019 16:00:00,35.65,1/28/2019 16:00:00,31.59
10/4/2019 16:00:00,19.75,1/22/2019 16:00:00,34.76,1/29/2019 16:00:00,31.82
10/7/2019 16:00:00,19.65,1/23/2019 16:00:00,34.78,1/30/2019 16:00:00,32.55
10/8/2019 16:00:00,19.28,1/24/2019 16:00:00,35.37,1/31/2019 16:00:00,33.26
10/9/2019 16:00:00,19.5,1/25/2019 16:00:00,36.16,2/1/2019 16:00:00,33.33
10/10/2019 16:00:00,19.34,1/28/2019 16:00:00,35.78,2/4/2019 16:00:00,33.67
10/11/2019 16:00:00,19.83,1/29/2019 16:00:00,35.55,2/5/2019 16:00:00,34.1
10/14/2019 16:00:00,19.74,1/30/2019 16:00:00,36.18,2/6/2019 16:00:00,34.21
10/15/2019 16:00:00,20.15,1/31/2019 16:00:00,36.48,2/7/2019 16:00:00,33.11
10/16/2019 16:00:00,20.17,2/1/2019 16:00:00,36.46,2/8/2019 16:00:00,33.28
10/17/2019 16:00:00,20.23,2/4/2019 16:00:00,36.73,2/11/2019 16:00:00,33.65
10/18/2019 16:00:00,20.3,2/5/2019 16:00:00,37.07,2/12/2019 16:00:00,34.38
10/21/2019 16:00:00,20.43,2/6/2019 16:00:00,37.13,2/13/2019 16:00:00,34.55
10/22/2019 16:00:00,20.28,2/7/2019 16:00:00,36.52,2/14/2019 16:00:00,34.55
10/23/2019 16:00:00,20.4,2/8/2019 16:00:00,36.33,2/15/2019 16:00:00,34.93
10/24/2019 16:00:00,20.52,2/11/2019 16:00:00,36.5,2/19/2019 16:00:00,34.98
10/25/2019 16:00:00,20.71,2/12/2019 16:00:00,37.54,2/20/2019 16:00:00,35.12
10/28/2019 16:00:00,21.03,2/13/2019 16:00:00,37.79,2/21/2019 16:00:00,34.66
10/29/2019 16:00:00,21.01,2/14/2019 16:00:00,37.77,2/22/2019 16:00:00,35.11
10/30/2019 16:00:00,20.91,2/15/2019 16:00:00,38.39,2/25/2019 16:00:00,35.38
10/31/2019 16:00:00,20.79,2/19/2019 16:00:00,38.72,2/26/2019 16:00:00,35.2
11/1/2019 16:00:00,21.31,2/20/2019 16:00:00,38.89,2/27/2019 16:00:00,35.34
11/4/2019 16:00:00,21.61,2/21/2019 16:00:00,38.63,2/28/2019 16:00:00,35.28
11/5/2019 16:00:00,21.68,2/22/2019 16:00:00,38.8,3/1/2019 16:00:00,34.87
11/6/2019 16:00:00,21.48,2/25/2019 16:00:00,39.21,3/4/2019 16:00:00,34.53
11/7/2019 16:00:00,21.74,2/26/2019 16:00:00,39.03,3/5/2019 16:00:00,34.53
11/8/2019 16:00:00,21.6,2/27/2019 16:00:00,38.86,3/6/2019 16:00:00,33.99
11/11/2019 16:00:00,21.45,2/28/2019 16:00:00,38.58,3/7/2019 16:00:00,32.92
11/12/2019 16:00:00,21.56,3/1/2019 16:00:00,38.86,3/8/2019 16:00:00,32.99
11/13/2019 16:00:00,21.37,3/4/2019 16:00:00,38.96,3/11/2019 16:00:00,33.82
11/14/2019 16:00:00,21.38,3/5/2019 16:00:00,38.87,3/12/2019 16:00:00,33.84
11/15/2019 16:00:00,21.47,3/6/2019 16:00:00,38.53,3/13/2019 16:00:00,34.07
11/18/2019 16:00:00,21.44,3/7/2019 16:00:00,37.57,3/14/2019 16:00:00,34
11/19/2019 16:00:00,21.24,3/8/2019 16:00:00,37.39,3/15/2019 16:00:00,33.9
11/20/2019 16:00:00,21.15,3/11/2019 16:00:00,38.04,3/18/2019 16:00:00,33.97
11/21/2019 16:00:00,21.07,3/12/2019 16:00:00,38.2,3/19/2019 16:00:00,34.26
11/22/2019 16:00:00,21.18,3/13/2019 16:00:00,38.35,3/20/2019 16:00:00,34.25
11/25/2019 16:00:00,21.59,3/14/2019 16:00:00,38.16,3/21/2019 16:00:00,34.83
11/26/2019 16:00:00,21.59,3/15/2019 16:00:00,38.55,3/22/2019 16:00:00,33.63
11/27/2019 16:00:00,21.69,3/18/2019 16:00:00,38.77,3/25/2019 16:00:00,33.47
11/29/2019 13:00:00,21.45,3/19/2019 16:00:00,38.95,3/26/2019 16:00:00,33.81
12/2/2019 16:00:00,21.18,3/20/2019 16:00:00,38.8,3/27/2019 16:00:00,33.47
12/3/2019 16:00:00,21.27,3/21/2019 16:00:00,39.22,3/28/2019 16:00:00,33.73
12/4/2019 16:00:00,21.48,3/22/2019 16:00:00,38.19,3/29/2019 16:00:00,34.04
12/5/2019 16:00:00,21.47,3/25/2019 16:00:00,38.08,4/1/2019 16:00:00,34.83
12/6/2019 16:00:00,21.8,3/26/2019 16:00:00,38.57,4/2/2019 16:00:00,34.99
12/9/2019 16:00:00,21.65,3/27/2019 16:00:00,38.19,4/3/2019 16:00:00,35.58
12/10/2019 16:00:00,21.66,3/28/2019 16:00:00,38.45,4/4/2019 16:00:00,35.19
12/11/2019 16:00:00,21.76,3/29/2019 16:00:00,38.73,4/5/2019 16:00:00,35.69
12/12/2019 16:00:00,22.09,4/1/2019 16:00:00,39.58,4/8/2019 16:00:00,35.64
12/13/2019 16:00:00,22.28,4/2/2019 16:00:00,39.78,4/9/2019 16:00:00,35.21
12/16/2019 16:00:00,22.33,4/3/2019 16:00:00,40.36,4/10/2019 16:00:00,35.55
12/17/2019 16:00:00,22.29,4/4/2019 16:00:00,40.34,4/11/2019 16:00:00,35.25
12/18/2019 16:00:00,22.05,4/5/2019 16:00:00,40.83,4/12/2019 16:00:00,35.4
12/19/2019 16:00:00,22.15,4/8/2019 16:00:00,40.82,4/15/2019 16:00:00,35.12
12/20/2019 16:00:00,22.05,4/9/2019 16:00:00,40.5,4/16/2019 16:00:00,35.47
12/23/2019 16:00:00,22.1,4/10/2019 16:00:00,40.77,4/17/2019 16:00:00,35.28
12/24/2019 13:00:00,22.12,4/11/2019 16:00:00,40.67,4/18/2019 16:00:00,35.32
12/26/2019 16:00:00,22.27,4/12/2019 16:00:00,41.1,4/22/2019 16:00:00,35.13
12/27/2019 16:00:00,22.12,4/15/2019 16:00:00,41.27,4/23/2019 16:00:00,35.54
12/30/2019 16:00:00,21.86,4/16/2019 16:00:00,41.6,4/24/2019 16:00:00,35.53
12/31/2019 16:00:00,21.87,4/17/2019 16:00:00,41.71,4/25/2019 16:00:00,34.73
1/2/2020 16:00:00,22.25,4/18/2019 16:00:00,41.72,4/26/2019 16:00:00,34.51
1/3/2020 16:00:00,21.93,4/22/2019 16:00:00,41.77,4/29/2019 16:00:00,34.66
1/6/2020 16:00:00,22.2,4/23/2019 16:00:00,42,4/30/2019 16:00:00,34.62
1/7/2020 16:00:00,22.09,4/24/2019 16:00:00,41.81,5/1/2019 16:00:00,34.32
1/8/2020 16:00:00,22.27,4/25/2019 16:00:00,41.46,5/2/2019 16:00:00,34.58
1/9/2020 16:00:00,22.41,4/26/2019 16:00:00,41.46,5/3/2019 16:00:00,35.39
1/10/2020 16:00:00,22.37,4/29/2019 16:00:00,41.54,5/6/2019 16:00:00,35.05
1/13/2020 16:00:00,22.6,4/30/2019 16:00:00,41.61,5/7/2019 16:00:00,34.39
1/14/2020 16:00:00,22.63,5/1/2019 16:00:00,41.24,5/8/2019 16:00:00,33.86
1/15/2020 16:00:00,22.43,5/2/2019 16:00:00,41.11,5/9/2019 16:00:00,33.51
1/16/2020 16:00:00,22.52,5/3/2019 16:00:00,41.8,5/10/2019 16:00:00,33.59
1/17/2020 16:00:00,22.54,5/6/2019 16:00:00,41.03,5/13/2019 16:00:00,32.02
1/21/2020 16:00:00,22.27,5/7/2019 16:00:00,39.9,5/14/2019 16:00:00,32.7
1/22/2020 16:00:00,22.4,5/8/2019 16:00:00,39.69,5/15/2019 16:00:00,32.85
1/23/2020 16:00:00,22.58,5/9/2019 16:00:00,39.16,5/16/2019 16:00:00,33.02
1/24/2020 16:00:00,22.36,5/10/2019 16:00:00,39.45,5/17/2019 16:00:00,31.92
1/27/2020 16:00:00,21.7,5/13/2019 16:00:00,37.71,5/20/2019 16:00:00,31.17
1/28/2020 16:00:00,21.98,5/14/2019 16:00:00,38.2,5/21/2019 16:00:00,31.72
1/29/2020 16:00:00,22.01,5/15/2019 16:00:00,38.54,5/22/2019 16:00:00,31.15
1/30/2020 16:00:00,22,5/16/2019 16:00:00,38.54,5/23/2019 16:00:00,30.28
1/31/2020 16:00:00,21.41,5/17/2019 16:00:00,37.86,5/24/2019 16:00:00,30.11
2/3/2020 16:00:00,21.71,5/20/2019 16:00:00,36.97,5/28/2019 16:00:00,30.08
2/4/2020 16:00:00,22.18,5/21/2019 16:00:00,37.56,5/29/2019 16:00:00,29.81
2/5/2020 16:00:00,22.45,5/22/2019 16:00:00,37.23,5/30/2019 16:00:00,30.09
2/6/2020 16:00:00,22.54,5/23/2019 16:00:00,36.28,5/31/2019 16:00:00,29.34
2/7/2020 16:00:00,22.24,5/24/2019 16:00:00,36.57,6/3/2019 16:00:00,29
2/10/2020 16:00:00,22.58,5/28/2019 16:00:00,36.43,6/4/2019 16:00:00,30.13
2/11/2020 16:00:00,22.93,5/29/2019 16:00:00,36.24,6/5/2019 16:00:00,30.12
2/12/2020 16:00:00,23.06,5/30/2019 16:00:00,36.62,6/6/2019 16:00:00,30.22
2/13/2020 16:00:00,22.82,5/31/2019 16:00:00,36,6/7/2019 16:00:00,30.49
2/14/2020 16:00:00,22.86,6/3/2019 16:00:00,36,6/10/2019 16:00:00,31.03
2/18/2020 16:00:00,22.59,6/4/2019 16:00:00,37.11,6/11/2019 16:00:00,31.08
2/19/2020 16:00:00,22.77,6/5/2019 16:00:00,37.36,6/12/2019 16:00:00,30.68
2/20/2020 16:00:00,22.68,6/6/2019 16:00:00,37.19,6/13/2019 16:00:00,31.01
2/21/2020 16:00:00,22.24,6/7/2019 16:00:00,37.81,6/14/2019 16:00:00,30.71
2/24/2020 16:00:00,21.13,6/10/2019 16:00:00,38.23,6/17/2019 16:00:00,31.05
2/25/2020 16:00:00,20.72,6/11/2019 16:00:00,38.44,6/18/2019 16:00:00,31.8
2/26/2020 16:00:00,20.88,6/12/2019 16:00:00,38.04,6/19/2019 16:00:00,31.91
2/27/2020 16:00:00,19.96,6/13/2019 16:00:00,38.13,6/20/2019 16:00:00,32.32
2/28/2020 16:00:00,20.27,6/14/2019 16:00:00,37.68,6/21/2019 16:00:00,32.42
3/2/2020 16:00:00,20.56,6/17/2019 16:00:00,37.82,6/24/2019 16:00:00,32.19
3/3/2020 16:00:00,20.13,6/18/2019 16:00:00,38.43,6/25/2019 16:00:00,31.87
3/4/2020 16:00:00,20.97,6/19/2019 16:00:00,38.85,6/26/2019 16:00:00,32.25
3/5/2020 16:00:00,20.2,6/20/2019 16:00:00,39.49,6/27/2019 16:00:00,32.81
3/6/2020 16:00:00,19.77,6/21/2019 16:00:00,39.25,6/28/2019 16:00:00,33.76
3/9/2020 16:00:00,18.04,6/24/2019 16:00:00,39.01,7/1/2019 16:00:00,33.86
3/10/2020 16:00:00,18.88,6/25/2019 16:00:00,38.65,7/2/2019 16:00:00,33.28
3/11/2020 16:00:00,17.92,6/26/2019 16:00:00,38.86,7/3/2019 16:00:00,33.5
3/12/2020 16:00:00,15.83,6/27/2019 16:00:00,39.37,7/5/2019 16:00:00,33.32
3/13/2020 16:00:00,17.25,6/28/2019 16:00:00,39.94,7/8/2019 16:00:00,33.17
3/16/2020 16:00:00,15.11,7/1/2019 16:00:00,40.5,7/9/2019 16:00:00,33.37
3/17/2020 16:00:00,16.19,7/2/2019 16:00:00,40.09,7/10/2019 16:00:00,33.52
3/18/2020 16:00:00,15.62,7/3/2019 13:00:00,40.08,7/11/2019 16:00:00,33.69
3/19/2020 16:00:00,15.73,7/5/2019 16:00:00,39.7,7/12/2019 16:00:00,33.96
3/20/2020 16:00:00,15.55,7/8/2019 16:00:00,39.28,7/15/2019 16:00:00,34.1
3/23/2020 16:00:00,15.47,7/9/2019 16:00:00,38.99,7/16/2019 16:00:00,34.17
3/24/2020 16:00:00,17.44,7/10/2019 16:00:00,38.99,7/17/2019 16:00:00,34.04
3/25/2020 16:00:00,17.76,7/11/2019 16:00:00,38.62,7/18/2019 16:00:00,33.93
3/26/2020 16:00:00,18.72,7/12/2019 16:00:00,38.61,7/19/2019 16:00:00,33.79
3/27/2020 16:00:00,18.17,7/15/2019 16:00:00,38.68,7/22/2019 16:00:00,34.02
3/30/2020 16:00:00,18.47,7/16/2019 16:00:00,38.5,7/23/2019 16:00:00,34.39
3/31/2020 16:00:00,18.14,7/17/2019 16:00:00,38.38,7/24/2019 16:00:00,35.16
4/1/2020 16:00:00,17.07,7/18/2019 16:00:00,38.25,7/25/2019 16:00:00,33.87
4/2/2020 16:00:00,17.45,7/19/2019 16:00:00,38.29,7/26/2019 16:00:00,34.17
4/3/2020 16:00:00,16.92,7/22/2019 16:00:00,38.64,7/29/2019 16:00:00,34.11
4/6/2020 16:00:00,18.22,7/23/2019 16:00:00,39.2,7/30/2019 16:00:00,34.2
4/7/2020 16:00:00,18.1,7/24/2019 16:00:00,39.76,7/31/2019 16:00:00,33.06
4/8/2020 16:00:00,18.49,7/25/2019 16:00:00,38.91,8/1/2019 16:00:00,32.15
4/9/2020 16:00:00,18.8,7/26/2019 16:00:00,39.04,8/2/2019 16:00:00,31.41
4/13/2020 16:00:00,18.65,7/29/2019 16:00:00,38.81,8/5/2019 16:00:00,30.37
4/14/2020 16:00:00,19.39,7/30/2019 16:00:00,38.75,8/6/2019 16:00:00,30.47
4/15/2020 16:00:00,18.81,7/31/2019 16:00:00,38.21,8/7/2019 16:00:00,30.56
4/16/2020 16:00:00,18.94,8/1/2019 16:00:00,37.55,8/8/2019 16:00:00,31.17
4/17/2020 16:00:00,19.29,8/2/2019 16:00:00,36.67,8/9/2019 16:00:00,30.82
4/20/2020 16:00:00,19,8/5/2019 16:00:00,35.32,8/12/2019 16:00:00,30.3
4/21/2020 16:00:00,18.51,8/6/2019 16:00:00,35.98,8/13/2019 16:00:00,31.01
4/22/2020 16:00:00,19.21,8/7/2019 16:00:00,35.94,8/14/2019 16:00:00,29.91
4/23/2020 16:00:00,19.22,8/8/2019 16:00:00,36.8,8/15/2019 16:00:00,29.78
4/24/2020 16:00:00,19.5,8/9/2019 16:00:00,36.01,8/16/2019 16:00:00,30.58
4/27/2020 16:00:00,20.04,8/12/2019 16:00:00,35.49,8/19/2019 16:00:00,31.3
4/28/2020 16:00:00,20.28,8/13/2019 16:00:00,36.29,8/20/2019 16:00:00,31.12
4/29/2020 16:00:00,20.98,8/14/2019 16:00:00,35,8/21/2019 16:00:00,31.33
4/30/2020 16:00:00,20.42,8/15/2019 16:00:00,35,8/22/2019 16:00:00,31.22
5/1/2020 16:00:00,19.84,8/16/2019 16:00:00,35.79,8/23/2019 16:00:00,30.28
5/4/2020 16:00:00,20,8/19/2019 16:00:00,36.22,8/26/2019 16:00:00,30.5
5/5/2020 16:00:00,20.21,8/20/2019 16:00:00,35.99,8/27/2019 16:00:00,30.27
5/6/2020 16:00:00,20.16,8/21/2019 16:00:00,36.45,8/28/2019 16:00:00,30.42
5/7/2020 16:00:00,20.85,8/22/2019 16:00:00,36.37,8/29/2019 16:00:00,31.12
5/8/2020 16:00:00,21.18,8/23/2019 16:00:00,35.34,8/30/2019 16:00:00,31.28
5/11/2020 16:00:00,21.42,8/26/2019 16:00:00,35.57,9/3/2019 16:00:00,30.89
5/12/2020 16:00:00,20.93,8/27/2019 16:00:00,35.4,9/4/2019 16:00:00,31.32
5/13/2020 16:00:00,21.01,8/28/2019 16:00:00,35.52,9/5/2019 16:00:00,32.12
5/14/2020 16:00:00,20.76,8/29/2019 16:00:00,36.15,9/6/2019 16:00:00,32.07
5/15/2020 16:00:00,21.17,8/30/2019 16:00:00,36.41,9/9/2019 16:00:00,32.51
5/18/2020 16:00:00,22.04,9/3/2019 16:00:00,35.9,9/10/2019 16:00:00,32.75
5/19/2020 16:00:00,21.95,9/4/2019 16:00:00,36.55,9/11/2019 16:00:00,33.39
5/20/2020 16:00:00,22.55,9/5/2019 16:00:00,37.52,9/12/2019 16:00:00,33.49
5/21/2020 16:00:00,22.25,9/6/2019 16:00:00,37.62,9/13/2019 16:00:00,33.14
5/22/2020 16:00:00,22.62,9/9/2019 16:00:00,38.1,9/16/2019 16:00:00,33.07
5/26/2020 16:00:00,23.08,9/10/2019 16:00:00,38.44,9/17/2019 16:00:00,33.14
5/27/2020 16:00:00,23.11,9/11/2019 16:00:00,39.08,9/18/2019 16:00:00,32.86
5/28/2020 16:00:00,23.24,9/12/2019 16:00:00,39.39,9/19/2019 16:00:00,32.72
5/29/2020 16:00:00,23.18,9/13/2019 16:00:00,39.52,9/20/2019 16:00:00,32.24
6/1/2020 16:00:00,23.61,9/16/2019 16:00:00,39.35,9/23/2019 16:00:00,32.4
6/2/2020 16:00:00,23.62,9/17/2019 16:00:00,39.18,9/24/2019 16:00:00,31.42
6/3/2020 16:00:00,23.83,9/18/2019 16:00:00,39.17,9/25/2019 16:00:00,31.84
6/4/2020 16:00:00,23.61,9/19/2019 16:00:00,39.19,9/26/2019 16:00:00,31.91
6/5/2020 16:00:00,24.01,9/20/2019 16:00:00,38.66,9/27/2019 16:00:00,31.37
6/8/2020 16:00:00,24.05,9/23/2019 16:00:00,38.65,9/30/2019 16:00:00,31.7
6/9/2020 16:00:00,24.02,9/24/2019 16:00:00,38.07,10/1/2019 16:00:00,31.21
6/10/2020 16:00:00,24.05,9/25/2019 16:00:00,38.21,10/2/2019 16:00:00,30.91
6/11/2020 16:00:00,22.68,9/26/2019 16:00:00,38.22,10/3/2019 16:00:00,31.04
6/12/2020 16:00:00,23.14,9/27/2019 16:00:00,37.94,10/4/2019 16:00:00,31.33
6/15/2020 16:00:00,23.23,9/30/2019 16:00:00,38.35,10/7/2019 16:00:00,31.32
6/16/2020 16:00:00,23.66,10/1/2019 16:00:00,37.72,10/8/2019 16:00:00,30.66
6/17/2020 16:00:00,23.87,10/2/2019 16:00:00,36.87,10/9/2019 16:00:00,31.17
6/18/2020 16:00:00,23.69,10/3/2019 16:00:00,37.32,10/10/2019 16:00:00,31.3
6/19/2020 16:00:00,23.66,10/4/2019 16:00:00,37.71,10/11/2019 16:00:00,31.88
6/22/2020 16:00:00,24.03,10/7/2019 16:00:00,37.56,10/14/2019 16:00:00,32.21
6/23/2020 16:00:00,24.06,10/8/2019 16:00:00,36.65,10/15/2019 16:00:00,32.63
6/24/2020 16:00:00,23.58,10/9/2019 16:00:00,37.07,10/16/2019 16:00:00,32.45
6/25/2020 16:00:00,24.06,10/10/2019 16:00:00,37.15,10/17/2019 16:00:00,32.51
6/26/2020 16:00:00,23.56,10/11/2019 16:00:00,38.17,10/18/2019 16:00:00,32.08
6/29/2020 16:00:00,23.76,10/14/2019 16:00:00,38.04,10/21/2019 16:00:00,32.29
6/30/2020 16:00:00,23.87,10/15/2019 16:00:00,38.7,10/22/2019 16:00:00,32.28
7/1/2020 16:00:00,24.01,10/16/2019 16:00:00,38.65,10/23/2019 16:00:00,32.23
7/2/2020 16:00:00,24.03,10/17/2019 16:00:00,38.82,10/24/2019 16:00:00,32.96
7/6/2020 16:00:00,24.63,10/18/2019 16:00:00,38.77,10/25/2019 16:00:00,33.69
7/7/2020 16:00:00,24.45,10/21/2019 16:00:00,38.99,10/28/2019 16:00:00,34.05
7/8/2020 16:00:00,24.69,10/22/2019 16:00:00,38.71,10/29/2019 16:00:00,33.73
7/9/2020 16:00:00,24.58,10/23/2019 16:00:00,38.9,10/30/2019 16:00:00,33.6
7/10/2020 16:00:00,24.92,10/24/2019 16:00:00,39.35,10/31/2019 16:00:00,33.38
7/13/2020 16:00:00,24.39,10/25/2019 16:00:00,39.43,11/1/2019 16:00:00,34.02
7/14/2020 16:00:00,24.77,10/28/2019 16:00:00,40.05,11/4/2019 16:00:00,34.63
7/15/2020 16:00:00,25.25,10/29/2019 16:00:00,39.84,11/5/2019 16:00:00,34.61
7/16/2020 16:00:00,24.82,10/30/2019 16:00:00,39.86,11/6/2019 16:00:00,34.57
7/17/2020 16:00:00,25.23,10/31/2019 16:00:00,39.5,11/7/2019 16:00:00,35.17
7/20/2020 16:00:00,25.49,11/1/2019 16:00:00,40.28,11/8/2019 16:00:00,35.17
7/21/2020 16:00:00,25.54,11/4/2019 16:00:00,40.78,11/11/2019 16:00:00,35.18
7/22/2020 16:00:00,25.67,11/5/2019 16:00:00,40.97,11/12/2019 16:00:00,35.24
7/23/2020 16:00:00,25.63,11/6/2019 16:00:00,40.59,11/13/2019 16:00:00,34.47
7/24/2020 16:00:00,25.36,11/7/2019 16:00:00,41.01,11/14/2019 16:00:00,34.43
7/27/2020 16:00:00,25.91,11/8/2019 16:00:00,40.94,11/15/2019 16:00:00,34.65
7/28/2020 16:00:00,25.58,11/11/2019 16:00:00,40.94,11/18/2019 16:00:00,34.55
7/29/2020 16:00:00,25.83,11/12/2019 16:00:00,40.84,11/19/2019 16:00:00,34.52
7/30/2020 16:00:00,25.66,11/13/2019 16:00:00,40.75,11/20/2019 16:00:00,34.32
7/31/2020 16:00:00,25.32,11/14/2019 16:00:00,40.72,11/21/2019 16:00:00,34.25
8/3/2020 16:00:00,25.89,11/15/2019 16:00:00,41.04,11/22/2019 16:00:00,34.22
8/4/2020 16:00:00,26.04,11/18/2019 16:00:00,40.72,11/25/2019 16:00:00,34.92
8/5/2020 16:00:00,26.31,11/19/2019 16:00:00,40.69,11/26/2019 16:00:00,34.73
8/6/2020 16:00:00,26.37,11/20/2019 16:00:00,40.5,11/27/2019 16:00:00,34.91
8/7/2020 16:00:00,26.27,11/21/2019 16:00:00,40.58,11/29/2019 13:00:00,34.8
8/10/2020 16:00:00,26.3,11/22/2019 16:00:00,40.65,12/2/2019 16:00:00,34.48
8/11/2020 16:00:00,26.36,11/25/2019 16:00:00,41.35,12/3/2019 16:00:00,34.2
8/12/2020 16:00:00,27.06,11/26/2019 16:00:00,41.39,12/4/2019 16:00:00,34.15
8/13/2020 16:00:00,26.97,11/27/2019 16:00:00,41.55,12/5/2019 16:00:00,34.25
8/14/2020 16:00:00,26.93,11/29/2019 13:00:00,41.18,12/6/2019 16:00:00,34.67
8/17/2020 16:00:00,27.41,12/2/2019 16:00:00,40.74,12/9/2019 16:00:00,34.76
8/18/2020 16:00:00,27.31,12/3/2019 16:00:00,40.61,12/10/2019 16:00:00,34.89
8/19/2020 16:00:00,27.04,12/4/2019 16:00:00,40.97,12/11/2019 16:00:00,35.26
8/20/2020 16:00:00,26.92,12/5/2019 16:00:00,40.96,12/12/2019 16:00:00,35.91
8/21/2020 16:00:00,26.8,12/6/2019 16:00:00,41.51,12/13/2019 16:00:00,35.81
8/24/2020 16:00:00,27.06,12/9/2019 16:00:00,41.19,12/16/2019 16:00:00,36.53
8/25/2020 16:00:00,27.06,12/10/2019 16:00:00,41.21,12/17/2019 16:00:00,36.66
8/26/2020 16:00:00,27.15,12/11/2019 16:00:00,41.55,12/18/2019 16:00:00,37.05
8/27/2020 16:00:00,26.84,12/12/2019 16:00:00,42.19,12/19/2019 16:00:00,37.41
8/28/2020 16:00:00,27.15,12/13/2019 16:00:00,42.27,12/20/2019 16:00:00,37.31
8/31/2020 16:00:00,27.1,12/16/2019 16:00:00,42.59,12/23/2019 16:00:00,37.75
9/1/2020 16:00:00,27.49,12/17/2019 16:00:00,42.41,12/24/2019 13:00:00,37.58
9/2/2020 16:00:00,28.13,12/18/2019 16:00:00,42.27,12/26/2019 16:00:00,37.72
9/3/2020 16:00:00,27.01,12/19/2019 16:00:00,42.3,12/27/2019 16:00:00,37.58
9/4/2020 16:00:00,26.92,12/20/2019 16:00:00,42.14,12/30/2019 16:00:00,37.06
9/8/2020 16:00:00,26.54,12/23/2019 16:00:00,42.41,12/31/2019 16:00:00,37.14
9/9/2020 16:00:00,27.13,12/24/2019 13:00:00,42.24,1/2/2020 16:00:00,37.89
9/10/2020 16:00:00,26.81,12/26/2019 16:00:00,42.37,1/3/2020 16:00:00,37.8
9/11/2020 16:00:00,26.88,12/27/2019 16:00:00,42.31,1/6/2020 16:00:00,37.91
9/14/2020 16:00:00,27.46,12/30/2019 16:00:00,41.85,1/7/2020 16:00:00,38.31
9/15/2020 16:00:00,27.77,12/31/2019 16:00:00,42,1/8/2020 16:00:00,38.87
9/16/2020 16:00:00,27.68,1/2/2020 16:00:00,42.61,1/9/2020 16:00:00,38.91
9/17/2020 16:00:00,27.56,1/3/2020 16:00:00,42.1,1/10/2020 16:00:00,38.7
9/18/2020 16:00:00,27.37,1/6/2020 16:00:00,42.17,1/13/2020 16:00:00,39.5
9/21/2020 16:00:00,26.85,1/7/2020 16:00:00,42.21,1/14/2020 16:00:00,39.61
9/22/2020 16:00:00,27.07,1/8/2020 16:00:00,42.45,1/15/2020 16:00:00,39.15
9/23/2020 16:00:00,26.83,1/9/2020 16:00:00,42.73,1/16/2020 16:00:00,39.67
9/24/2020 16:00:00,26.78,1/10/2020 16:00:00,42.87,1/17/2020 16:00:00,39.86
9/25/2020 16:00:00,27.16,1/13/2020 16:00:00,43.35,1/21/2020 16:00:00,39.95
9/28/2020 16:00:00,27.56,1/14/2020 16:00:00,43.37,1/22/2020 16:00:00,40.16
9/29/2020 16:00:00,27.9,1/15/2020 16:00:00,43.05,1/23/2020 16:00:00,40.24
9/30/2020 16:00:00,27.87,1/16/2020 16:00:00,43.58,1/24/2020 16:00:00,39.51
10/1/2020 16:00:00,28.24,1/17/2020 16:00:00,43.73,1/27/2020 16:00:00,38.47
10/2/2020 16:00:00,27.98,1/21/2020 16:00:00,43.44,1/28/2020 16:00:00,39.07
10/5/2020 16:00:00,28.27,1/22/2020 16:00:00,43.51,1/29/2020 16:00:00,38.82
10/6/2020 16:00:00,28.19,1/23/2020 16:00:00,43.8,1/30/2020 16:00:00,39.29
10/7/2020 16:00:00,28.66,1/24/2020 16:00:00,43.46,1/31/2020 16:00:00,38.57
10/8/2020 16:00:00,28.75,1/27/2020 16:00:00,42.29,2/3/2020 16:00:00,40.24
10/9/2020 16:00:00,29.03,1/28/2020 16:00:00,42.72,2/4/2020 16:00:00,42
10/12/2020 16:00:00,29.27,1/29/2020 16:00:00,42.49,2/5/2020 16:00:00,41.45
10/13/2020 16:00:00,29.27,1/30/2020 16:00:00,42.24,2/6/2020 16:00:00,41.2
10/14/2020 16:00:00,29.24,1/31/2020 16:00:00,41.26,2/7/2020 16:00:00,40.84
10/15/2020 16:00:00,28.89,2/3/2020 16:00:00,41.69,2/10/2020 16:00:00,41.24
10/16/2020 16:00:00,28.9,2/4/2020 16:00:00,42.72,2/11/2020 16:00:00,42.18
10/19/2020 16:00:00,28.86,2/5/2020 16:00:00,43.17,2/12/2020 16:00:00,42.65
10/20/2020 16:00:00,29.13,2/6/2020 16:00:00,43.36,2/13/2020 16:00:00,42.81
10/21/2020 16:00:00,28.97,2/7/2020 16:00:00,42.46,2/14/2020 16:00:00,42.49
10/22/2020 16:00:00,29.04,2/10/2020 16:00:00,42.86,2/18/2020 16:00:00,42.75
10/23/2020 16:00:00,29.04,2/11/2020 16:00:00,43.44,2/19/2020 16:00:00,43.49
10/26/2020 16:00:00,28.42,2/12/2020 16:00:00,44,2/20/2020 16:00:00,43.32
10/27/2020 16:00:00,28.52,2/13/2020 16:00:00,43.77,2/21/2020 16:00:00,42.68
10/28/2020 16:00:00,27.72,2/14/2020 16:00:00,43.64,2/24/2020 16:00:00,41.08
10/29/2020 16:00:00,28.09,2/18/2020 16:00:00,43.1,2/25/2020 16:00:00,39.35
10/30/2020 16:00:00,27.71,2/19/2020 16:00:00,43.37,2/26/2020 16:00:00,39.08
11/2/2020 16:00:00,27.95,2/20/2020 16:00:00,43.28,2/27/2020 16:00:00,37
11/3/2020 16:00:00,28.65,2/21/2020 16:00:00,42.66,2/28/2020 16:00:00,36.89
11/4/2020 16:00:00,29.12,2/24/2020 16:00:00,40.7,3/2/2020 16:00:00,38.5
11/5/2020 16:00:00,29.93,2/25/2020 16:00:00,39.8,3/3/2020 16:00:00,37.86
11/6/2020 16:00:00,29.86,2/26/2020 16:00:00,39.92,3/4/2020 16:00:00,39
11/9/2020 16:00:00,30.6,2/27/2020 16:00:00,38.5,3/5/2020 16:00:00,37.75
11/10/2020 16:00:00,29.77,2/28/2020 16:00:00,38.42,3/6/2020 16:00:00,36.76
11/11/2020 16:00:00,30.22,3/2/2020 16:00:00,39.4,3/9/2020 16:00:00,34.05
11/12/2020 16:00:00,30,3/3/2020 16:00:00,38.76,3/10/2020 16:00:00,35.38
11/13/2020 16:00:00,30.5,3/4/2020 16:00:00,39.72,3/11/2020 16:00:00,33.91
11/16/2020 16:00:00,31.08,3/5/2020 16:00:00,38.39,3/12/2020 16:00:00,30.37
11/17/2020 16:00:00,30.84,3/6/2020 16:00:00,37.75,3/13/2020 16:00:00,32
11/18/2020 16:00:00,30.79,3/9/2020 16:00:00,34.81,3/16/2020 16:00:00,28.7
11/19/2020 16:00:00,30.95,3/10/2020 16:00:00,36.3,3/17/2020 16:00:00,29.75
11/20/2020 16:00:00,31.06,3/11/2020 16:00:00,34.38,3/18/2020 16:00:00,27.51
11/23/2020 16:00:00,31.16,3/12/2020 16:00:00,30.68,3/19/2020 16:00:00,29.41
11/24/2020 16:00:00,31.57,3/13/2020 16:00:00,32.72,3/20/2020 16:00:00,28.92
11/25/2020 16:00:00,31.56,3/16/2020 16:00:00,29.07,3/23/2020 16:00:00,28.95
11/27/2020 13:00:00,32,3/17/2020 16:00:00,31.21,3/24/2020 16:00:00,31.19
11/30/2020 16:00:00,31.65,3/18/2020 16:00:00,29.27,3/25/2020 16:00:00,31.74
,,3/19/2020 16:00:00,29.8,3/26/2020 16:00:00,33.25
,,3/20/2020 16:00:00,29.36,3/27/2020 16:00:00,32.33
,,3/23/2020 16:00:00,28.96,3/30/2020 16:00:00,32.99
,,3/24/2020 16:00:00,31.87,3/31/2020 16:00:00,33.16
,,3/25/2020 16:00:00,32.42,4/1/2020 16:00:00,31.01
,,3/26/2020 16:00:00,34.15,4/2/2020 16:00:00,30.99
,,3/27/2020 16:00:00,33.09,4/3/2020 16:00:00,30.76
,,3/30/2020 16:00:00,33.86,4/6/2020 16:00:00,33.59
,,3/31/2020 16:00:00,33.59,4/7/2020 16:00:00,33.26
,,4/1/2020 16:00:00,31.89,4/8/2020 16:00:00,34.23
,,4/2/2020 16:00:00,32.33,4/9/2020 16:00:00,35
,,4/3/2020 16:00:00,31.52,4/13/2020 16:00:00,35.21
,,4/6/2020 16:00:00,34.17,4/14/2020 16:00:00,36.79
,,4/7/2020 16:00:00,34.17,4/15/2020 16:00:00,36.14
,,4/8/2020 16:00:00,35,4/16/2020 16:00:00,36.45
,,4/9/2020 16:00:00,35.51,4/17/2020 16:00:00,37.41
,,4/13/2020 16:00:00,35.19,4/20/2020 16:00:00,37.05
,,4/14/2020 16:00:00,36.3,4/21/2020 16:00:00,35.64
,,4/15/2020 16:00:00,35.19,4/22/2020 16:00:00,36.71
,,4/16/2020 16:00:00,35.4,4/23/2020 16:00:00,36.42
,,4/17/2020 16:00:00,36.4,4/24/2020 16:00:00,36.95
,,4/20/2020 16:00:00,36.16,4/27/2020 16:00:00,38.69
,,4/21/2020 16:00:00,35.27,4/28/2020 16:00:00,38.34
,,4/22/2020 16:00:00,36.08,4/29/2020 16:00:00,40.42
,,4/23/2020 16:00:00,36.19,4/30/2020 16:00:00,39.45
,,4/24/2020 16:00:00,36.57,5/1/2020 16:00:00,37.38
,,4/27/2020 16:00:00,37.8,5/4/2020 16:00:00,38.02
,,4/28/2020 16:00:00,38.3,5/5/2020 16:00:00,38.47
,,4/29/2020 16:00:00,39.72,5/6/2020 16:00:00,39.2
,,4/30/2020 16:00:00,38.77,5/7/2020 16:00:00,39.56
,,5/1/2020 16:00:00,37.6,5/8/2020 16:00:00,40.98
,,5/4/2020 16:00:00,37.52,5/11/2020 16:00:00,41.07
,,5/5/2020 16:00:00,38.2,5/12/2020 16:00:00,40.1
,,5/6/2020 16:00:00,38.37,5/13/2020 16:00:00,39.41
,,5/7/2020 16:00:00,39.13,5/14/2020 16:00:00,39.61
,,5/8/2020 16:00:00,39.9,5/15/2020 16:00:00,40.14
,,5/11/2020 16:00:00,40.01,5/18/2020 16:00:00,42.31
,,5/12/2020 16:00:00,39.2,5/19/2020 16:00:00,42.1
,,5/13/2020 16:00:00,38.78,5/20/2020 16:00:00,43.25
,,5/14/2020 16:00:00,38.52,5/21/2020 16:00:00,43.23
,,5/15/2020 16:00:00,38.69,5/22/2020 16:00:00,43.38
,,5/18/2020 16:00:00,40.5,5/26/2020 16:00:00,44.79
,,5/19/2020 16:00:00,40.37,5/27/2020 16:00:00,44.96
,,5/20/2020 16:00:00,41.3,5/28/2020 16:00:00,44.22
,,5/21/2020 16:00:00,41.03,5/29/2020 16:00:00,44.86
,,5/22/2020 16:00:00,41.11,6/1/2020 16:00:00,45.7
,,5/26/2020 16:00:00,42.44,6/2/2020 16:00:00,45.97
,,5/27/2020 16:00:00,42.69,6/3/2020 16:00:00,46.78
,,5/28/2020 16:00:00,42.75,6/4/2020 16:00:00,46.01
,,5/29/2020 16:00:00,42.59,6/5/2020 16:00:00,46.83
,,6/1/2020 16:00:00,43.34,6/8/2020 16:00:00,47.38
,,6/2/2020 16:00:00,43.85,6/9/2020 16:00:00,47.45
,,6/3/2020 16:00:00,44.68,6/10/2020 16:00:00,47.84
,,6/4/2020 16:00:00,44.21,6/11/2020 16:00:00,44.47
,,6/5/2020 16:00:00,45.15,6/12/2020 16:00:00,44.87
,,6/8/2020 16:00:00,45.1,6/15/2020 16:00:00,45.67
,,6/9/2020 16:00:00,44.58,6/16/2020 16:00:00,46.7
,,6/10/2020 16:00:00,44.46,6/17/2020 16:00:00,46.28
,,6/11/2020 16:00:00,41.71,6/18/2020 16:00:00,46.17
,,6/12/2020 16:00:00,42.16,6/19/2020 16:00:00,45.87
,,6/15/2020 16:00:00,42.44,6/22/2020 16:00:00,46.53
,,6/16/2020 16:00:00,43.18,6/23/2020 16:00:00,46.58
,,6/17/2020 16:00:00,43.25,6/24/2020 16:00:00,45.31
,,6/18/2020 16:00:00,42.94,6/25/2020 16:00:00,46.22
,,6/19/2020 16:00:00,42.91,6/26/2020 16:00:00,45.26
,,6/22/2020 16:00:00,43.39,6/29/2020 16:00:00,46.06
,,6/23/2020 16:00:00,43.51,6/30/2020 16:00:00,47.31
,,6/24/2020 16:00:00,42.54,7/1/2020 16:00:00,47.47
,,6/25/2020 16:00:00,43.21,7/2/2020 16:00:00,48.55
,,6/26/2020 16:00:00,42.48,7/6/2020 16:00:00,50.21
,,6/29/2020 16:00:00,43.06,7/7/2020 16:00:00,49.52
,,6/30/2020 16:00:00,43.49,7/8/2020 16:00:00,50.04
,,7/1/2020 16:00:00,43.42,7/9/2020 16:00:00,50.26
,,7/2/2020 16:00:00,43.58,7/10/2020 16:00:00,51.17
,,7/6/2020 16:00:00,44.81,7/13/2020 16:00:00,50.51
,,7/7/2020 16:00:00,44.13,7/14/2020 16:00:00,50.88
,,7/8/2020 16:00:00,44.55,7/15/2020 16:00:00,51.92
,,7/9/2020 16:00:00,44.35,7/16/2020 16:00:00,51.51
,,7/10/2020 16:00:00,44.48,7/17/2020 16:00:00,52.27
,,7/13/2020 16:00:00,44.03,7/20/2020 16:00:00,54.1
,,7/14/2020 16:00:00,44.67,7/21/2020 16:00:00,53.72
,,7/15/2020 16:00:00,45.57,7/22/2020 16:00:00,53.89
,,7/16/2020 16:00:00,45.09,7/23/2020 16:00:00,53.28
,,7/17/2020 16:00:00,45.55,7/24/2020 16:00:00,52.35
,,7/20/2020 16:00:00,45.97,7/27/2020 16:00:00,54.1
,,7/21/2020 16:00:00,46.03,7/28/2020 16:00:00,53.02
,,7/22/2020 16:00:00,46.12,7/29/2020 16:00:00,53.76
,,7/23/2020 16:00:00,45.95,7/30/2020 16:00:00,53.11
,,7/24/2020 16:00:00,45.3,7/31/2020 16:00:00,52.78
,,7/27/2020 16:00:00,46.27,8/3/2020 16:00:00,53.8
,,7/28/2020 16:00:00,45.86,8/4/2020 16:00:00,54.04
,,7/29/2020 16:00:00,46.59,8/5/2020 16:00:00,54.95
,,7/30/2020 16:00:00,46.35,8/6/2020 16:00:00,54.15
,,7/31/2020 16:00:00,45.75,8/7/2020 16:00:00,53.32
,,8/3/2020 16:00:00,46.85,8/10/2020 16:00:00,53
,,8/4/2020 16:00:00,46.95,8/11/2020 16:00:00,52.38
,,8/5/2020 16:00:00,47.46,8/12/2020 16:00:00,53.49
,,8/6/2020 16:00:00,47.41,8/13/2020 16:00:00,53.95
,,8/7/2020 16:00:00,47.15,8/14/2020 16:00:00,53.85
,,8/10/2020 16:00:00,47.22,8/17/2020 16:00:00,54.91
,,8/11/2020 16:00:00,47.16,8/18/2020 16:00:00,55.25
,,8/12/2020 16:00:00,48,8/19/2020 16:00:00,55.02
,,8/13/2020 16:00:00,47.91,8/20/2020 16:00:00,55.38
,,8/14/2020 16:00:00,47.68,8/21/2020 16:00:00,55.74
,,8/17/2020 16:00:00,48.2,8/24/2020 16:00:00,56.35
,,8/18/2020 16:00:00,48.09,8/25/2020 16:00:00,57.55
,,8/19/2020 16:00:00,47.64,8/26/2020 16:00:00,58.67
,,8/20/2020 16:00:00,47.19,8/27/2020 16:00:00,58.11
,,8/21/2020 16:00:00,47.05,8/28/2020 16:00:00,58.82
,,8/24/2020 16:00:00,47.54,8/31/2020 16:00:00,60.49
,,8/25/2020 16:00:00,47.84,9/1/2020 16:00:00,61.83
,,8/26/2020 16:00:00,48.3,9/2/2020 16:00:00,62.15
,,8/27/2020 16:00:00,47.81,9/3/2020 16:00:00,58.42
,,8/28/2020 16:00:00,48.35,9/4/2020 16:00:00,57.65
,,8/31/2020 16:00:00,48.3,9/8/2020 16:00:00,55.28
,,9/1/2020 16:00:00,48.8,9/9/2020 16:00:00,58.01
,,9/2/2020 16:00:00,49.68,9/10/2020 16:00:00,57.2
,,9/3/2020 16:00:00,47.73,9/11/2020 16:00:00,57.1
,,9/4/2020 16:00:00,47.3,9/14/2020 16:00:00,58.53
,,9/8/2020 16:00:00,46.61,9/15/2020 16:00:00,59.37
,,9/9/2020 16:00:00,47.5,9/16/2020 16:00:00,58.99
,,9/10/2020 16:00:00,47.02,9/17/2020 16:00:00,57.45
,,9/11/2020 16:00:00,47.31,9/18/2020 16:00:00,57.18
,,9/14/2020 16:00:00,48.06,9/21/2020 16:00:00,56.43
,,9/15/2020 16:00:00,48.58,9/22/2020 16:00:00,56.13
,,9/16/2020 16:00:00,48.43,9/23/2020 16:00:00,54.14
,,9/17/2020 16:00:00,48.2,9/24/2020 16:00:00,54.07
,,9/18/2020 16:00:00,48.18,9/25/2020 16:00:00,55.49
,,9/21/2020 16:00:00,46.99,9/28/2020 16:00:00,57.05
,,9/22/2020 16:00:00,46.96,9/29/2020 16:00:00,57.29
,,9/23/2020 16:00:00,46.4,9/30/2020 16:00:00,57.39
,,9/24/2020 16:00:00,46.28,10/1/2020 16:00:00,58.34
,,9/25/2020 16:00:00,46.86,10/2/2020 16:00:00,57.36
,,9/28/2020 16:00:00,47.74,10/5/2020 16:00:00,58.76
,,9/29/2020 16:00:00,48.02,10/6/2020 16:00:00,58.54
,,9/30/2020 16:00:00,48.15,10/7/2020 16:00:00,60.15
,,10/1/2020 16:00:00,48.72,10/8/2020 16:00:00,60.62
,,10/2/2020 16:00:00,48.27,10/9/2020 16:00:00,62.46
,,10/5/2020 16:00:00,49.03,10/12/2020 16:00:00,63.02
,,10/6/2020 16:00:00,48.76,10/13/2020 16:00:00,62.9
,,10/7/2020 16:00:00,49.67,10/14/2020 16:00:00,63.6
,,10/8/2020 16:00:00,50.01,10/15/2020 16:00:00,63.17
,,10/9/2020 16:00:00,50.66,10/16/2020 16:00:00,62.78
,,10/12/2020 16:00:00,51.02,10/19/2020 16:00:00,62.01
,,10/13/2020 16:00:00,50.82,10/20/2020 16:00:00,62.14
,,10/14/2020 16:00:00,50.81,10/21/2020 16:00:00,61.91
,,10/15/2020 16:00:00,50.73,10/22/2020 16:00:00,62.29
,,10/16/2020 16:00:00,50.85,10/23/2020 16:00:00,62.42
,,10/19/2020 16:00:00,50.55,10/26/2020 16:00:00,60.33
,,10/20/2020 16:00:00,50.67,10/27/2020 16:00:00,60.49
,,10/21/2020 16:00:00,50.51,10/28/2020 16:00:00,57.93
,,10/22/2020 16:00:00,50.74,10/29/2020 16:00:00,59.2
,,10/23/2020 16:00:00,50.77,10/30/2020 16:00:00,57.74
,,10/26/2020 16:00:00,49.49,11/2/2020 16:00:00,58.54
,,10/27/2020 16:00:00,49.49,11/3/2020 16:00:00,60.36
,,10/28/2020 16:00:00,48.15,11/4/2020 16:00:00,61.48
,,10/29/2020 16:00:00,48.84,11/5/2020 16:00:00,63.6
,,10/30/2020 16:00:00,48.22,11/6/2020 16:00:00,63.4
,,11/2/2020 16:00:00,48.73,11/9/2020 16:00:00,62.72
,,11/3/2020 16:00:00,50.06,11/10/2020 16:00:00,61.31
,,11/4/2020 16:00:00,50.64,11/11/2020 16:00:00,62.24
,,11/5/2020 16:00:00,51.96,11/12/2020 16:00:00,62.29
,,11/6/2020 16:00:00,51.95,11/13/2020 16:00:00,63.1
,,11/9/2020 16:00:00,53,11/16/2020 16:00:00,63.63
,,11/10/2020 16:00:00,52.41,11/17/2020 16:00:00,64.16
,,11/11/2020 16:00:00,53.09,11/18/2020 16:00:00,64.8
,,11/12/2020 16:00:00,52.36,11/19/2020 16:00:00,65.91
,,11/13/2020 16:00:00,53.11,11/20/2020 16:00:00,65.87
,,11/16/2020 16:00:00,53.92,11/23/2020 16:00:00,67.36
,,11/17/2020 16:00:00,53.79,11/24/2020 16:00:00,68.46
,,11/18/2020 16:00:00,53.46,11/25/2020 16:00:00,68.93
,,11/19/2020 16:00:00,54.07,11/27/2020 16:00:00,69.73
,,11/20/2020 16:00:00,54.42,11/30/2020 16:00:00,68.74
,,11/23/2020 16:00:00,54.7,,
,,11/24/2020 16:00:00,55.57,,
,,11/25/2020 16:00:00,55.53,,
,,11/27/2020 13:00:00,56.37,,
,,11/30/2020 16:00:00,56.04,,